instance	cell_type	group	function_color	provenance_color
_2130_	inv_2		core_combinational	agent_written
_2131_	inv_2		core_combinational	agent_written
_2132_	inv_2		core_combinational	agent_written
_2133_	inv_2		core_combinational	agent_written
_2134_	inv_2		core_combinational	agent_written
_2135_	inv_2		core_combinational	agent_written
_2136_	inv_2		core_combinational	agent_written
_2137_	inv_2		core_combinational	agent_written
_2138_	inv_2		core_combinational	agent_written
_2139_	inv_2		core_combinational	agent_written
_2140_	inv_2		core_combinational	agent_written
_2141_	inv_2		core_combinational	agent_written
_2142_	inv_2		core_combinational	agent_written
_2143_	inv_2		core_combinational	agent_written
_2144_	inv_2		core_combinational	agent_written
_2145_	inv_2		core_combinational	agent_written
_2146_	inv_2		core_combinational	agent_written
_2147_	nand2b_2		core_combinational	agent_written
_2148_	nor2_2		core_combinational	agent_written
_2149_	nand2_2		core_combinational	agent_written
_2150_	nor2_2		core_combinational	agent_written
_2151_	or3b_2		core_combinational	agent_written
_2152_	a21oi_2		core_combinational	agent_written
_2153_	o211a_2		core_combinational	agent_written
_2154_	and3_2		core_combinational	agent_written
_2155_	and3b_2		core_combinational	agent_written
_2156_	and3_2		core_combinational	agent_written
_2157_	nand2_2		core_combinational	agent_written
_2158_	nor3_2		core_combinational	agent_written
_2159_	o211a_2		core_combinational	agent_written
_2160_	a31o_2		core_combinational	agent_written
_2161_	and3b_2		core_combinational	agent_written
_2162_	nand2_2		core_combinational	agent_written
_2163_	and2b_2		core_combinational	agent_written
_2164_	nand2b_2		core_combinational	agent_written
_2165_	o311a_2		core_combinational	agent_written
_2166_	o211a_2		core_combinational	agent_written
_2167_	and3_2		core_combinational	agent_written
_2168_	a31o_2		core_combinational	agent_written
_2169_	and3b_2		core_combinational	agent_written
_2170_	and3_2		core_combinational	agent_written
_2171_	and3b_2		core_combinational	agent_written
_2172_	and3b_2		core_combinational	agent_written
_2173_	a31o_2		core_combinational	agent_written
_2174_	and3_2		core_combinational	agent_written
_2175_	a31o_2		core_combinational	agent_written
_2176_	and3b_2		core_combinational	agent_written
_2177_	and3b_2		core_combinational	agent_written
_2178_	a31o_2		core_combinational	agent_written
_2179_	nand2_2		core_combinational	agent_written
_2180_	or3b_2		core_combinational	agent_written
_2181_	or3_2		core_combinational	agent_written
_2182_	o21a_2		core_combinational	agent_written
_2183_	or2_2		core_combinational	agent_written
_2184_	or3_2		core_combinational	agent_written
_2185_	or2_2		core_combinational	agent_written
_2186_	nor2_2		core_combinational	agent_written
_2187_	or2_2		core_combinational	agent_written
_2188_	or3b_2		core_combinational	agent_written
_2189_	o21a_2		core_combinational	agent_written
_2190_	or2_2		core_combinational	agent_written
_2191_	nor2_2		core_combinational	agent_written
_2192_	nand2_2		core_combinational	agent_written
_2193_	nand2_2		core_combinational	agent_written
_2194_	inv_2		core_combinational	agent_written
_2195_	nand2_2		core_combinational	agent_written
_2196_	o22a_2		core_combinational	agent_written
_2197_	a21oi_2		core_combinational	agent_written
_2198_	and3b_2		core_combinational	agent_written
_2199_	and3b_2		core_combinational	agent_written
_2200_	and4b_2		core_combinational	agent_written
_2201_	or3_2		core_combinational	agent_written
_2202_	a32o_2		core_combinational	agent_written
_2203_	o32a_2		core_combinational	agent_written
_2204_	or2_2		core_combinational	agent_written
_2205_	or3_2		core_combinational	agent_written
_2206_	or2_2		core_combinational	agent_written
_2207_	nor2_2		core_combinational	agent_written
_2208_	inv_2		core_combinational	agent_written
_2209_	o32a_2		core_combinational	agent_written
_2210_	or3_2		core_combinational	agent_written
_2211_	a21boi_2		core_combinational	agent_written
_2212_	and2b_2		core_combinational	agent_written
_2213_	a311o_2		core_combinational	agent_written
_2214_	and3b_2		core_combinational	agent_written
_2215_	a31o_2		core_combinational	agent_written
_2216_	mux2_1		core_mux	agent_written
_2217_	a211oi_2		core_combinational	agent_written
_2218_	nand2b_2		core_combinational	agent_written
_2219_	or4_2		core_combinational	agent_written
_2220_	inv_2		core_combinational	agent_written
_2221_	nor2_2		core_combinational	agent_written
_2222_	inv_2		core_combinational	agent_written
_2223_	nor2_2		core_combinational	agent_written
_2224_	nor2_2		core_combinational	agent_written
_2225_	a21bo_2		core_combinational	agent_written
_2226_	nor3b_2		core_combinational	agent_written
_2227_	a31o_2		core_combinational	agent_written
_2228_	a21o_2		core_combinational	agent_written
_2229_	and3_2		core_combinational	agent_written
_2230_	a31o_2		core_combinational	agent_written
_2231_	and3_2		core_combinational	agent_written
_2232_	and3_2		core_combinational	agent_written
_2233_	a31o_2		core_combinational	agent_written
_2234_	or2_2		core_combinational	agent_written
_2235_	a21o_2		core_combinational	agent_written
_2236_	nand2_2		core_combinational	agent_written
_2237_	nand2_2		core_combinational	agent_written
_2238_	nand2_2		core_combinational	agent_written
_2239_	nand3_2		core_combinational	agent_written
_2240_	nor2_2		core_combinational	agent_written
_2241_	or2_2		core_combinational	agent_written
_2242_	nor2_2		core_combinational	agent_written
_2243_	nor2_2		core_combinational	agent_written
_2244_	nor2_2		core_combinational	agent_written
_2245_	or2_2		core_combinational	agent_written
_2246_	or2_2		core_combinational	agent_written
_2247_	o21bai_2		core_combinational	agent_written
_2248_	or2_2		core_combinational	agent_written
_2249_	or2_2		core_combinational	agent_written
_2250_	or2_2		core_combinational	agent_written
_2251_	or2_2		core_combinational	agent_written
_2252_	or4_2		core_combinational	agent_written
_2253_	nor3_2		core_combinational	agent_written
_2254_	nor3_2		core_combinational	agent_written
_2255_	nor4_2		core_combinational	agent_written
_2256_	and2_2		core_combinational	agent_written
_2257_	or2_2		core_combinational	agent_written
_2258_	nor2_2		core_combinational	agent_written
_2259_	and2_2		core_combinational	agent_written
_2260_	nor2_2		core_combinational	agent_written
_2261_	a22o_2		core_combinational	agent_written
_2262_	a21o_2		core_combinational	agent_written
_2263_	and2_2		core_combinational	agent_written
_2264_	and2_2		core_combinational	agent_written
_2265_	nand2_2		core_combinational	agent_written
_2266_	mux4_2		core_mux	agent_written
_2267_	o21ba_2		core_combinational	agent_written
_2268_	a221o_2		core_combinational	agent_written
_2269_	o21a_2		core_combinational	agent_written
_2270_	o21ba_2		core_combinational	agent_written
_2271_	a221o_2		core_combinational	agent_written
_2272_	o21a_2		core_combinational	agent_written
_2273_	o21ba_2		core_combinational	agent_written
_2274_	a221o_2		core_combinational	agent_written
_2275_	o21a_2		core_combinational	agent_written
_2276_	o21ba_2		core_combinational	agent_written
_2277_	a221o_2		core_combinational	agent_written
_2278_	o21a_2		core_combinational	agent_written
_2279_	o21ba_2		core_combinational	agent_written
_2280_	a221o_2		core_combinational	agent_written
_2281_	o21a_2		core_combinational	agent_written
_2282_	o21ba_2		core_combinational	agent_written
_2283_	a221o_2		core_combinational	agent_written
_2284_	o21a_2		core_combinational	agent_written
_2285_	nand2b_2		core_combinational	agent_written
_2286_	or2_2		core_combinational	agent_written
_2287_	nor3_2		core_combinational	agent_written
_2288_	and4bb_2		core_combinational	agent_written
_2289_	nand2_2		core_combinational	agent_written
_2290_	or4_2		core_combinational	agent_written
_2291_	nand2_2		core_combinational	agent_written
_2292_	or4_2		core_combinational	agent_written
_2293_	nor4_2		core_combinational	agent_written
_2294_	and4bb_2		core_combinational	agent_written
_2295_	or4bb_2		core_combinational	agent_written
_2296_	or4bb_2		core_combinational	agent_written
_2297_	and2_2		core_combinational	agent_written
_2298_	nand2_2		core_combinational	agent_written
_2299_	nor3_2		core_combinational	agent_written
_2300_	or3_2		core_combinational	agent_written
_2301_	nor3b_2		core_combinational	agent_written
_2302_	and4_2		core_combinational	agent_written
_2303_	a211o_2		core_combinational	agent_written
_2304_	and3_2		core_combinational	agent_written
_2305_	nand3_2		core_combinational	agent_written
_2306_	nor2_2		core_combinational	agent_written
_2307_	and4_2		core_combinational	agent_written
_2308_	or3b_2		core_combinational	agent_written
_2309_	o21a_2		core_combinational	agent_written
_2310_	mux4_2		core_mux	agent_written
_2311_	a21o_2		core_combinational	agent_written
_2312_	mux4_2		core_mux	agent_written
_2313_	and2_2		core_combinational	agent_written
_2314_	nand2_2		core_combinational	agent_written
_2315_	mux4_2		core_mux	agent_written
_2316_	o221a_2		core_combinational	agent_written
_2317_	nor3b_2		core_combinational	agent_written
_2318_	nor4b_2		core_combinational	agent_written
_2319_	nor3_2		core_combinational	agent_written
_2320_	a22o_2		core_combinational	agent_written
_2321_	a221o_2		core_combinational	agent_written
_2322_	mux4_2		core_mux	agent_written
_2323_	and2b_2		core_combinational	agent_written
_2324_	mux2_1		core_mux	agent_written
_2325_	nor2_2		core_combinational	agent_written
_2326_	mux2_1		core_mux	agent_written
_2327_	a221o_2		core_combinational	agent_written
_2328_	a21oi_2		core_combinational	agent_written
_2329_	and2b_2		core_combinational	agent_written
_2330_	mux2_1		core_mux	agent_written
_2331_	a22o_2		core_combinational	agent_written
_2332_	and2_2		core_combinational	agent_written
_2333_	mux2_1		core_mux	agent_written
_2334_	nand2_2		core_combinational	agent_written
_2335_	mux2_1		core_mux	agent_written
_2336_	a22oi_2		core_combinational	agent_written
_2337_	a31o_2		core_combinational	agent_written
_2338_	nor2_2		core_combinational	agent_written
_2339_	a21oi_2		core_combinational	agent_written
_2340_	xnor2_2		core_combinational	agent_written
_2341_	nand2_2		core_combinational	agent_written
_2342_	and2b_2		core_combinational	agent_written
_2343_	mux4_2		core_mux	agent_written
_2344_	a22o_2		core_combinational	agent_written
_2345_	mux4_2		core_mux	agent_written
_2346_	a22o_2		core_combinational	agent_written
_2347_	mux2_1		core_mux	agent_written
_2348_	and2b_2		core_combinational	agent_written
_2349_	a21bo_2		core_combinational	agent_written
_2350_	a21o_2		core_combinational	agent_written
_2351_	o211a_2		core_combinational	agent_written
_2352_	a22o_2		core_combinational	agent_written
_2353_	nor3_2		core_combinational	agent_written
_2354_	mux4_2		core_mux	agent_written
_2355_	mux2_1		core_mux	agent_written
_2356_	mux2_1		core_mux	agent_written
_2357_	a22o_2		core_combinational	agent_written
_2358_	a211o_2		core_combinational	agent_written
_2359_	or2_2		core_combinational	agent_written
_2360_	nand2b_2		core_combinational	agent_written
_2361_	a32o_2		core_combinational	agent_written
_2362_	mux2_1		core_mux	agent_written
_2363_	nand2b_2		core_combinational	agent_written
_2364_	or2_2		core_combinational	agent_written
_2365_	a32o_2		core_combinational	agent_written
_2366_	a211o_2		core_combinational	agent_written
_2367_	and2_2		core_combinational	agent_written
_2368_	nor2_2		core_combinational	agent_written
_2369_	or2_2		core_combinational	agent_written
_2370_	o21a_2		core_combinational	agent_written
_2371_	and2_2		core_combinational	agent_written
_2372_	mux4_2		core_mux	agent_written
_2373_	a21o_2		core_combinational	agent_written
_2374_	mux4_2		core_mux	agent_written
_2375_	mux4_2		core_mux	agent_written
_2376_	o221a_2		core_combinational	agent_written
_2377_	a22o_2		core_combinational	agent_written
_2378_	a221o_2		core_combinational	agent_written
_2379_	inv_2		core_combinational	agent_written
_2380_	mux4_2		core_mux	agent_written
_2381_	mux2_1		core_mux	agent_written
_2382_	mux2_1		core_mux	agent_written
_2383_	a22o_2		core_combinational	agent_written
_2384_	a21oi_2		core_combinational	agent_written
_2385_	mux2_1		core_mux	agent_written
_2386_	a221oi_2		core_combinational	agent_written
_2387_	a21bo_2		core_combinational	agent_written
_2388_	a21oi_2		core_combinational	agent_written
_2389_	nand2_2		core_combinational	agent_written
_2390_	nand2_2		core_combinational	agent_written
_2391_	a31o_2		core_combinational	agent_written
_2392_	o32a_2		core_combinational	agent_written
_2393_	a21oi_2		core_combinational	agent_written
_2394_	nand2_2		core_combinational	agent_written
_2395_	inv_2		core_combinational	agent_written
_2396_	or2_2		core_combinational	agent_written
_2397_	and2_2		core_combinational	agent_written
_2398_	a22o_2		core_combinational	agent_written
_2399_	a22o_2		core_combinational	agent_written
_2400_	mux4_2		core_mux	agent_written
_2401_	mux4_2		core_mux	agent_written
_2402_	mux4_2		core_mux	agent_written
_2403_	a22o_2		core_combinational	agent_written
_2404_	a21o_2		core_combinational	agent_written
_2405_	or2_2		core_combinational	agent_written
_2406_	mux2_1		core_mux	agent_written
_2407_	a22o_2		core_combinational	agent_written
_2408_	or2_2		core_combinational	agent_written
_2409_	o211a_2		core_combinational	agent_written
_2410_	and2b_2		core_combinational	agent_written
_2411_	or2_2		core_combinational	agent_written
_2412_	o211a_2		core_combinational	agent_written
_2413_	a211o_2		core_combinational	agent_written
_2414_	mux4_2		core_mux	agent_written
_2415_	mux2_1		core_mux	agent_written
_2416_	a21o_2		core_combinational	agent_written
_2417_	mux2_1		core_mux	agent_written
_2418_	a22o_2		core_combinational	agent_written
_2419_	o22a_2		core_combinational	agent_written
_2420_	nor2_2		core_combinational	agent_written
_2421_	nor2_2		core_combinational	agent_written
_2422_	o21ai_2		core_combinational	agent_written
_2423_	nor2_2		core_combinational	agent_written
_2424_	nand2_2		core_combinational	agent_written
_2425_	nand2b_2		core_combinational	agent_written
_2426_	mux4_2		core_mux	agent_written
_2427_	or2_2		core_combinational	agent_written
_2428_	mux4_2		core_mux	agent_written
_2429_	a21o_2		core_combinational	agent_written
_2430_	mux4_2		core_mux	agent_written
_2431_	o211a_2		core_combinational	agent_written
_2432_	a21o_2		core_combinational	agent_written
_2433_	a221o_2		core_combinational	agent_written
_2434_	and2_2		core_combinational	agent_written
_2435_	a21oi_2		core_combinational	agent_written
_2436_	mux4_2		core_mux	agent_written
_2437_	mux4_2		core_mux	agent_written
_2438_	mux2_1		core_mux	agent_written
_2439_	or2_2		core_combinational	agent_written
_2440_	nand2b_2		core_combinational	agent_written
_2441_	a32o_2		core_combinational	agent_written
_2442_	mux2_1		core_mux	agent_written
_2443_	nand2b_2		core_combinational	agent_written
_2444_	or2_2		core_combinational	agent_written
_2445_	a31o_2		core_combinational	agent_written
_2446_	a221o_2		core_combinational	agent_written
_2447_	nor2_2		core_combinational	agent_written
_2448_	or2_2		core_combinational	agent_written
_2449_	o21a_2		core_combinational	agent_written
_2450_	o21a_2		core_combinational	agent_written
_2451_	or4b_2		core_combinational	agent_written
_2452_	or4bb_2		core_combinational	agent_written
_2453_	a21oi_2		core_combinational	agent_written
_2454_	and2_2		core_combinational	agent_written
_2455_	mux4_2		core_mux	agent_written
_2456_	and2_2		core_combinational	agent_written
_2457_	mux4_2		core_mux	agent_written
_2458_	mux4_2		core_mux	agent_written
_2459_	a22o_2		core_combinational	agent_written
_2460_	or4_2		core_combinational	agent_written
_2461_	mux4_2		core_mux	agent_written
_2462_	or2_2		core_combinational	agent_written
_2463_	o211a_2		core_combinational	agent_written
_2464_	mux2_1		core_mux	agent_written
_2465_	a22o_2		core_combinational	agent_written
_2466_	o21ai_2		core_combinational	agent_written
_2467_	mux4_2		core_mux	agent_written
_2468_	nand2b_2		core_combinational	agent_written
_2469_	o21a_2		core_combinational	agent_written
_2470_	a221o_2		core_combinational	agent_written
_2471_	o211ai_2		core_combinational	agent_written
_2472_	and3_2		core_combinational	agent_written
_2473_	nor2_2		core_combinational	agent_written
_2474_	inv_2		core_combinational	agent_written
_2475_	or4b_2		core_combinational	agent_written
_2476_	or4bb_2		core_combinational	agent_written
_2477_	a21oi_2		core_combinational	agent_written
_2478_	mux4_2		core_mux	agent_written
_2479_	and2_2		core_combinational	agent_written
_2480_	mux4_2		core_mux	agent_written
_2481_	mux4_2		core_mux	agent_written
_2482_	a22o_2		core_combinational	agent_written
_2483_	a2111o_2		core_combinational	agent_written
_2484_	mux4_2		core_mux	agent_written
_2485_	or2_2		core_combinational	agent_written
_2486_	o211a_2		core_combinational	agent_written
_2487_	mux2_1		core_mux	agent_written
_2488_	a22o_2		core_combinational	agent_written
_2489_	o21ai_2		core_combinational	agent_written
_2490_	mux2_1		core_mux	agent_written
_2491_	a22o_2		core_combinational	agent_written
_2492_	nor2_2		core_combinational	agent_written
_2493_	nand2_2		core_combinational	agent_written
_2494_	mux4_2		core_mux	agent_written
_2495_	a22oi_2		core_combinational	agent_written
_2496_	and3_2		core_combinational	agent_written
_2497_	nor2_2		core_combinational	agent_written
_2498_	inv_2		core_combinational	agent_written
_2499_	a22o_2		core_combinational	agent_written
_2500_	a22o_2		core_combinational	agent_written
_2501_	a22o_2		core_combinational	agent_written
_2502_	mux4_2		core_mux	agent_written
_2503_	mux4_2		core_mux	agent_written
_2504_	mux4_2		core_mux	agent_written
_2505_	a22o_2		core_combinational	agent_written
_2506_	a21o_2		core_combinational	agent_written
_2507_	or2_2		core_combinational	agent_written
_2508_	inv_2		core_combinational	agent_written
_2509_	mux2_1		core_mux	agent_written
_2510_	a22o_2		core_combinational	agent_written
_2511_	or2_2		core_combinational	agent_written
_2512_	o211a_2		core_combinational	agent_written
_2513_	mux2_1		core_mux	agent_written
_2514_	a221o_2		core_combinational	agent_written
_2515_	mux4_2		core_mux	agent_written
_2516_	mux2_1		core_mux	agent_written
_2517_	mux2_1		core_mux	agent_written
_2518_	a22o_2		core_combinational	agent_written
_2519_	a211o_2		core_combinational	agent_written
_2520_	o21ai_2		core_combinational	agent_written
_2521_	a21oi_2		core_combinational	agent_written
_2522_	and2_2		core_combinational	agent_written
_2523_	nor2_2		core_combinational	agent_written
_2524_	or2_2		core_combinational	agent_written
_2525_	o211ai_2		core_combinational	agent_written
_2526_	a22o_2		core_combinational	agent_written
_2527_	a22o_2		core_combinational	agent_written
_2528_	mux4_2		core_mux	agent_written
_2529_	mux4_2		core_mux	agent_written
_2530_	mux4_2		core_mux	agent_written
_2531_	a22o_2		core_combinational	agent_written
_2532_	a21o_2		core_combinational	agent_written
_2533_	or2_2		core_combinational	agent_written
_2534_	inv_2		core_combinational	agent_written
_2535_	mux4_2		core_mux	agent_written
_2536_	mux2_1		core_mux	agent_written
_2537_	mux2_1		core_mux	agent_written
_2538_	a22o_2		core_combinational	agent_written
_2539_	a211o_2		core_combinational	agent_written
_2540_	mux2_1		core_mux	agent_written
_2541_	a221o_2		core_combinational	agent_written
_2542_	mux4_2		core_mux	agent_written
_2543_	o211ai_2		core_combinational	agent_written
_2544_	a21oi_2		core_combinational	agent_written
_2545_	o221a_2		core_combinational	agent_written
_2546_	a221o_2		core_combinational	agent_written
_2547_	o21ai_2		core_combinational	agent_written
_2548_	nand2_2		core_combinational	agent_written
_2549_	a21o_2		core_combinational	agent_written
_2550_	or2_2		core_combinational	agent_written
_2551_	o211a_2		core_combinational	agent_written
_2552_	mux4_2		core_mux	agent_written
_2553_	a21o_2		core_combinational	agent_written
_2554_	mux4_2		core_mux	agent_written
_2555_	or2_2		core_combinational	agent_written
_2556_	mux4_2		core_mux	agent_written
_2557_	o211a_2		core_combinational	agent_written
_2558_	a22o_2		core_combinational	agent_written
_2559_	a22o_2		core_combinational	agent_written
_2560_	or2_2		core_combinational	agent_written
_2561_	mux2_1		core_mux	agent_written
_2562_	a22o_2		core_combinational	agent_written
_2563_	mux2_1		core_mux	agent_written
_2564_	mux2_1		core_mux	agent_written
_2565_	a22o_2		core_combinational	agent_written
_2566_	a211o_2		core_combinational	agent_written
_2567_	mux4_2		core_mux	agent_written
_2568_	mux2_1		core_mux	agent_written
_2569_	mux2_1		core_mux	agent_written
_2570_	a22o_2		core_combinational	agent_written
_2571_	a21o_2		core_combinational	agent_written
_2572_	o21ai_2		core_combinational	agent_written
_2573_	nor2_2		core_combinational	agent_written
_2574_	a21oi_2		core_combinational	agent_written
_2575_	and2_2		core_combinational	agent_written
_2576_	nand2_2		core_combinational	agent_written
_2577_	or2_2		core_combinational	agent_written
_2578_	and2_2		core_combinational	agent_written
_2579_	mux4_2		core_mux	agent_written
_2580_	a22o_2		core_combinational	agent_written
_2581_	mux4_2		core_mux	agent_written
_2582_	mux4_2		core_mux	agent_written
_2583_	a22o_2		core_combinational	agent_written
_2584_	a22o_2		core_combinational	agent_written
_2585_	a21o_2		core_combinational	agent_written
_2586_	or2_2		core_combinational	agent_written
_2587_	inv_2		core_combinational	agent_written
_2588_	nand2_2		core_combinational	agent_written
_2589_	mux4_2		core_mux	agent_written
_2590_	mux2_1		core_mux	agent_written
_2591_	a21o_2		core_combinational	agent_written
_2592_	mux2_1		core_mux	agent_written
_2593_	a22o_2		core_combinational	agent_written
_2594_	mux2_1		core_mux	agent_written
_2595_	a221oi_2		core_combinational	agent_written
_2596_	mux4_2		core_mux	agent_written
_2597_	o22ai_2		core_combinational	agent_written
_2598_	nor2_2		core_combinational	agent_written
_2599_	o31a_2		core_combinational	agent_written
_2600_	mux2_1		core_mux	agent_written
_2601_	nand2_2		core_combinational	agent_written
_2602_	and3b_2		core_combinational	agent_written
_2603_	mux4_2		core_mux	agent_written
_2604_	a21o_2		core_combinational	agent_written
_2605_	mux4_2		core_mux	agent_written
_2606_	mux4_2		core_mux	agent_written
_2607_	o22a_2		core_combinational	agent_written
_2608_	nand2_2		core_combinational	agent_written
_2609_	a22o_2		core_combinational	agent_written
_2610_	a32o_2		core_combinational	agent_written
_2611_	a21oi_2		core_combinational	agent_written
_2612_	a21oi_2		core_combinational	agent_written
_2613_	inv_2		core_combinational	agent_written
_2614_	mux4_2		core_mux	agent_written
_2615_	mux2_1		core_mux	agent_written
_2616_	a21o_2		core_combinational	agent_written
_2617_	mux2_1		core_mux	agent_written
_2618_	a22o_2		core_combinational	agent_written
_2619_	mux2_1		core_mux	agent_written
_2620_	a22o_2		core_combinational	agent_written
_2621_	mux2_1		core_mux	agent_written
_2622_	or2_2		core_combinational	agent_written
_2623_	o211a_2		core_combinational	agent_written
_2624_	a221o_2		core_combinational	agent_written
_2625_	o22ai_2		core_combinational	agent_written
_2626_	nor2_2		core_combinational	agent_written
_2627_	a21oi_2		core_combinational	agent_written
_2628_	a221o_2		core_combinational	agent_written
_2629_	a22o_2		core_combinational	agent_written
_2630_	a22o_2		core_combinational	agent_written
_2631_	mux4_2		core_mux	agent_written
_2632_	mux4_2		core_mux	agent_written
_2633_	mux4_2		core_mux	agent_written
_2634_	a22o_2		core_combinational	agent_written
_2635_	a21o_2		core_combinational	agent_written
_2636_	or2_2		core_combinational	agent_written
_2637_	inv_2		core_combinational	agent_written
_2638_	mux2_1		core_mux	agent_written
_2639_	a22o_2		core_combinational	agent_written
_2640_	or2_2		core_combinational	agent_written
_2641_	o211a_2		core_combinational	agent_written
_2642_	or2_2		core_combinational	agent_written
_2643_	o211a_2		core_combinational	agent_written
_2644_	a211o_2		core_combinational	agent_written
_2645_	mux4_2		core_mux	agent_written
_2646_	mux2_1		core_mux	agent_written
_2647_	a21o_2		core_combinational	agent_written
_2648_	mux2_1		core_mux	agent_written
_2649_	a22o_2		core_combinational	agent_written
_2650_	o22a_2		core_combinational	agent_written
_2651_	mux2_1		core_mux	agent_written
_2652_	o22a_2		core_combinational	agent_written
_2653_	or4b_2		core_combinational	agent_written
_2654_	or4bb_2		core_combinational	agent_written
_2655_	a21oi_2		core_combinational	agent_written
_2656_	and2_2		core_combinational	agent_written
_2657_	mux4_2		core_mux	agent_written
_2658_	and2_2		core_combinational	agent_written
_2659_	mux4_2		core_mux	agent_written
_2660_	mux4_2		core_mux	agent_written
_2661_	a22o_2		core_combinational	agent_written
_2662_	or4_2		core_combinational	agent_written
_2663_	nor3b_2		core_combinational	agent_written
_2664_	or2_2		core_combinational	agent_written
_2665_	nand2b_2		core_combinational	agent_written
_2666_	a32o_2		core_combinational	agent_written
_2667_	mux4_2		core_mux	agent_written
_2668_	a211oi_2		core_combinational	agent_written
_2669_	mux4_2		core_mux	agent_written
_2670_	mux2_1		core_mux	agent_written
_2671_	mux2_1		core_mux	agent_written
_2672_	a22o_2		core_combinational	agent_written
_2673_	a211oi_2		core_combinational	agent_written
_2674_	or2_2		core_combinational	agent_written
_2675_	or3_2		core_combinational	agent_written
_2676_	or2_2		core_combinational	agent_written
_2677_	a21bo_2		core_combinational	agent_written
_2678_	a21o_2		core_combinational	agent_written
_2679_	o21ai_2		core_combinational	agent_written
_2680_	mux4_2		core_mux	agent_written
_2681_	or2_2		core_combinational	agent_written
_2682_	mux4_2		core_mux	agent_written
_2683_	a21o_2		core_combinational	agent_written
_2684_	mux4_2		core_mux	agent_written
_2685_	o211a_2		core_combinational	agent_written
_2686_	a21o_2		core_combinational	agent_written
_2687_	a221o_2		core_combinational	agent_written
_2688_	a21oi_2		core_combinational	agent_written
_2689_	mux4_2		core_mux	agent_written
_2690_	mux2_1		core_mux	agent_written
_2691_	a22o_2		core_combinational	agent_written
_2692_	mux2_1		core_mux	agent_written
_2693_	mux4_2		core_mux	agent_written
_2694_	mux2_1		core_mux	agent_written
_2695_	mux2_1		core_mux	agent_written
_2696_	a22o_2		core_combinational	agent_written
_2697_	a211o_2		core_combinational	agent_written
_2698_	o21a_2		core_combinational	agent_written
_2699_	mux2_1		core_mux	agent_written
_2700_	nor2_2		core_combinational	agent_written
_2701_	o211a_2		core_combinational	agent_written
_2702_	a22o_2		core_combinational	agent_written
_2703_	a22o_2		core_combinational	agent_written
_2704_	mux4_2		core_mux	agent_written
_2705_	mux4_2		core_mux	agent_written
_2706_	mux4_2		core_mux	agent_written
_2707_	a22o_2		core_combinational	agent_written
_2708_	a21o_2		core_combinational	agent_written
_2709_	or2_2		core_combinational	agent_written
_2710_	mux2_1		core_mux	agent_written
_2711_	a22o_2		core_combinational	agent_written
_2712_	mux2_1		core_mux	agent_written
_2713_	nand2_2		core_combinational	agent_written
_2714_	mux2_1		core_mux	agent_written
_2715_	a22oi_2		core_combinational	agent_written
_2716_	mux4_2		core_mux	agent_written
_2717_	mux2_1		core_mux	agent_written
_2718_	mux2_1		core_mux	agent_written
_2719_	a22o_2		core_combinational	agent_written
_2720_	a211oi_2		core_combinational	agent_written
_2721_	a31o_2		core_combinational	agent_written
_2722_	inv_2		core_combinational	agent_written
_2723_	mux2_1		core_mux	agent_written
_2724_	and2b_2		core_combinational	agent_written
_2725_	and2_2		core_combinational	agent_written
_2726_	mux4_2		core_mux	agent_written
_2727_	a21o_2		core_combinational	agent_written
_2728_	mux4_2		core_mux	agent_written
_2729_	mux4_2		core_mux	agent_written
_2730_	o22a_2		core_combinational	agent_written
_2731_	a22o_2		core_combinational	agent_written
_2732_	and3_2		core_combinational	agent_written
_2733_	a21o_2		core_combinational	agent_written
_2734_	a21oi_2		core_combinational	agent_written
_2735_	inv_2		core_combinational	agent_written
_2736_	mux4_2		core_mux	agent_written
_2737_	mux2_1		core_mux	agent_written
_2738_	mux2_1		core_mux	agent_written
_2739_	a22o_2		core_combinational	agent_written
_2740_	a211o_2		core_combinational	agent_written
_2741_	mux2_1		core_mux	agent_written
_2742_	a22o_2		core_combinational	agent_written
_2743_	mux2_1		core_mux	agent_written
_2744_	or2_2		core_combinational	agent_written
_2745_	o211a_2		core_combinational	agent_written
_2746_	a22o_2		core_combinational	agent_written
_2747_	o31a_2		core_combinational	agent_written
_2748_	mux2_1		core_mux	agent_written
_2749_	or2_2		core_combinational	agent_written
_2750_	nand2b_2		core_combinational	agent_written
_2751_	o311a_2		core_combinational	agent_written
_2752_	nand2_2		core_combinational	agent_written
_2753_	a22o_2		core_combinational	agent_written
_2754_	a22o_2		core_combinational	agent_written
_2755_	mux4_2		core_mux	agent_written
_2756_	mux4_2		core_mux	agent_written
_2757_	mux4_2		core_mux	agent_written
_2758_	a22o_2		core_combinational	agent_written
_2759_	a21o_2		core_combinational	agent_written
_2760_	or2_2		core_combinational	agent_written
_2761_	inv_2		core_combinational	agent_written
_2762_	mux2_1		core_mux	agent_written
_2763_	a22o_2		core_combinational	agent_written
_2764_	or2_2		core_combinational	agent_written
_2765_	o211a_2		core_combinational	agent_written
_2766_	or2_2		core_combinational	agent_written
_2767_	o211a_2		core_combinational	agent_written
_2768_	a211o_2		core_combinational	agent_written
_2769_	mux4_2		core_mux	agent_written
_2770_	mux2_1		core_mux	agent_written
_2771_	a21o_2		core_combinational	agent_written
_2772_	mux2_1		core_mux	agent_written
_2773_	a22o_2		core_combinational	agent_written
_2774_	o22a_2		core_combinational	agent_written
_2775_	mux2_1		core_mux	agent_written
_2776_	xnor2_2		core_combinational	agent_written
_2777_	or4b_2		core_combinational	agent_written
_2778_	or4bb_2		core_combinational	agent_written
_2779_	a21o_2		core_combinational	agent_written
_2780_	nand2_2		core_combinational	agent_written
_2781_	mux4_2		core_mux	agent_written
_2782_	nand2_2		core_combinational	agent_written
_2783_	mux4_2		core_mux	agent_written
_2784_	mux4_2		core_mux	agent_written
_2785_	a22o_2		core_combinational	agent_written
_2786_	and4b_2		core_combinational	agent_written
_2787_	inv_2		core_combinational	agent_written
_2788_	or2_2		core_combinational	agent_written
_2789_	o211a_2		core_combinational	agent_written
_2790_	mux4_2		core_mux	agent_written
_2791_	a221o_2		core_combinational	agent_written
_2792_	mux4_2		core_mux	agent_written
_2793_	mux2_1		core_mux	agent_written
_2794_	mux2_1		core_mux	agent_written
_2795_	a22o_2		core_combinational	agent_written
_2796_	a211o_2		core_combinational	agent_written
_2797_	o21ai_2		core_combinational	agent_written
_2798_	mux2_1		core_mux	agent_written
_2799_	inv_2		core_combinational	agent_written
_2800_	or2_2		core_combinational	agent_written
_2801_	nand2_2		core_combinational	agent_written
_2802_	and2_2		core_combinational	agent_written
_2803_	or3b_2		core_combinational	agent_written
_2804_	o22a_2		core_combinational	agent_written
_2805_	a21o_2		core_combinational	agent_written
_2806_	o21a_2		core_combinational	agent_written
_2807_	mux4_2		core_mux	agent_written
_2808_	mux4_2		core_mux	agent_written
_2809_	a22o_2		core_combinational	agent_written
_2810_	mux4_2		core_mux	agent_written
_2811_	a22o_2		core_combinational	agent_written
_2812_	a221o_2		core_combinational	agent_written
_2813_	a21oi_2		core_combinational	agent_written
_2814_	mux4_2		core_mux	agent_written
_2815_	mux2_1		core_mux	agent_written
_2816_	mux2_1		core_mux	agent_written
_2817_	a22o_2		core_combinational	agent_written
_2818_	a21o_2		core_combinational	agent_written
_2819_	or2_2		core_combinational	agent_written
_2820_	o211a_2		core_combinational	agent_written
_2821_	a221o_2		core_combinational	agent_written
_2822_	or2_2		core_combinational	agent_written
_2823_	or2_2		core_combinational	agent_written
_2824_	a32o_2		core_combinational	agent_written
_2825_	o22a_2		core_combinational	agent_written
_2826_	mux2_1		core_mux	agent_written
_2827_	o21a_2		core_combinational	agent_written
_2828_	a22o_2		core_combinational	agent_written
_2829_	a22o_2		core_combinational	agent_written
_2830_	mux4_2		core_mux	agent_written
_2831_	mux4_2		core_mux	agent_written
_2832_	mux4_2		core_mux	agent_written
_2833_	a22o_2		core_combinational	agent_written
_2834_	a21o_2		core_combinational	agent_written
_2835_	or2_2		core_combinational	agent_written
_2836_	inv_2		core_combinational	agent_written
_2837_	mux4_2		core_mux	agent_written
_2838_	mux4_2		core_mux	agent_written
_2839_	mux2_1		core_mux	agent_written
_2840_	or2_2		core_combinational	agent_written
_2841_	nand2b_2		core_combinational	agent_written
_2842_	a32o_2		core_combinational	agent_written
_2843_	or2_2		core_combinational	agent_written
_2844_	o211a_2		core_combinational	agent_written
_2845_	or2_2		core_combinational	agent_written
_2846_	o211a_2		core_combinational	agent_written
_2847_	a2111o_2		core_combinational	agent_written
_2848_	o21ai_2		core_combinational	agent_written
_2849_	a21oi_2		core_combinational	agent_written
_2850_	nand2_2		core_combinational	agent_written
_2851_	xnor2_2		core_combinational	agent_written
_2852_	mux4_2		core_mux	agent_written
_2853_	a21o_2		core_combinational	agent_written
_2854_	mux4_2		core_mux	agent_written
_2855_	mux4_2		core_mux	agent_written
_2856_	o221a_2		core_combinational	agent_written
_2857_	a22o_2		core_combinational	agent_written
_2858_	a221oi_2		core_combinational	agent_written
_2859_	a221o_2		core_combinational	agent_written
_2860_	mux4_2		core_mux	agent_written
_2861_	mux2_1		core_mux	agent_written
_2862_	mux2_1		core_mux	agent_written
_2863_	a22o_2		core_combinational	agent_written
_2864_	a211o_2		core_combinational	agent_written
_2865_	mux2_1		core_mux	agent_written
_2866_	mux4_2		core_mux	agent_written
_2867_	a221o_2		core_combinational	agent_written
_2868_	a22o_2		core_combinational	agent_written
_2869_	and2_2		core_combinational	agent_written
_2870_	o21ai_2		core_combinational	agent_written
_2871_	and2_2		core_combinational	agent_written
_2872_	nor2_2		core_combinational	agent_written
_2873_	nor2_2		core_combinational	agent_written
_2874_	a22o_2		core_combinational	agent_written
_2875_	a22o_2		core_combinational	agent_written
_2876_	mux4_2		core_mux	agent_written
_2877_	mux4_2		core_mux	agent_written
_2878_	mux4_2		core_mux	agent_written
_2879_	a22o_2		core_combinational	agent_written
_2880_	a21o_2		core_combinational	agent_written
_2881_	nor2_2		core_combinational	agent_written
_2882_	mux2_1		core_mux	agent_written
_2883_	a22o_2		core_combinational	agent_written
_2884_	or2_2		core_combinational	agent_written
_2885_	o211a_2		core_combinational	agent_written
_2886_	mux2_1		core_mux	agent_written
_2887_	a22o_2		core_combinational	agent_written
_2888_	mux4_2		core_mux	agent_written
_2889_	mux2_1		core_mux	agent_written
_2890_	mux2_1		core_mux	agent_written
_2891_	a22o_2		core_combinational	agent_written
_2892_	a211o_2		core_combinational	agent_written
_2893_	o31a_2		core_combinational	agent_written
_2894_	o21a_2		core_combinational	agent_written
_2895_	and2b_2		core_combinational	agent_written
_2896_	and2b_2		core_combinational	agent_written
_2897_	nor2_2		core_combinational	agent_written
_2898_	or3_2		core_combinational	agent_written
_2899_	mux4_2		core_mux	agent_written
_2900_	or2_2		core_combinational	agent_written
_2901_	mux4_2		core_mux	agent_written
_2902_	a21o_2		core_combinational	agent_written
_2903_	mux4_2		core_mux	agent_written
_2904_	o211a_2		core_combinational	agent_written
_2905_	a21o_2		core_combinational	agent_written
_2906_	a221o_2		core_combinational	agent_written
_2907_	a21oi_2		core_combinational	agent_written
_2908_	inv_2		core_combinational	agent_written
_2909_	mux4_2		core_mux	agent_written
_2910_	mux2_1		core_mux	agent_written
_2911_	mux2_1		core_mux	agent_written
_2912_	a22o_2		core_combinational	agent_written
_2913_	a211o_2		core_combinational	agent_written
_2914_	mux4_2		core_mux	agent_written
_2915_	mux2_1		core_mux	agent_written
_2916_	a22o_2		core_combinational	agent_written
_2917_	mux2_1		core_mux	agent_written
_2918_	o21a_2		core_combinational	agent_written
_2919_	o21a_2		core_combinational	agent_written
_2920_	xnor2_2		core_combinational	agent_written
_2921_	xnor2_2		core_combinational	agent_written
_2922_	a21oi_2		core_combinational	agent_written
_2923_	o2bb2a_2		core_combinational	agent_written
_2924_	o31a_2		core_combinational	agent_written
_2925_	or4bb_2		core_combinational	agent_written
_2926_	o22a_2		core_combinational	agent_written
_2927_	a211o_2		core_combinational	agent_written
_2928_	or3_2		core_combinational	agent_written
_2929_	and4b_2		core_combinational	agent_written
_2930_	xnor2_2		core_combinational	agent_written
_2931_	nand2b_2		core_combinational	agent_written
_2932_	and4b_2		core_combinational	agent_written
_2933_	xnor2_2		core_combinational	agent_written
_2934_	inv_2		core_combinational	agent_written
_2935_	and2_2		core_combinational	agent_written
_2936_	nor2_2		core_combinational	agent_written
_2937_	or2_2		core_combinational	agent_written
_2938_	xor2_2		core_combinational	agent_written
_2939_	and4b_2		core_combinational	agent_written
_2940_	nand2_2		core_combinational	agent_written
_2941_	o22a_2		core_combinational	agent_written
_2942_	mux4_2		core_mux	agent_written
_2943_	a21o_2		core_combinational	agent_written
_2944_	mux4_2		core_mux	agent_written
_2945_	mux4_2		core_mux	agent_written
_2946_	o221a_2		core_combinational	agent_written
_2947_	a22o_2		core_combinational	agent_written
_2948_	a221o_2		core_combinational	agent_written
_2949_	mux2_1		core_mux	agent_written
_2950_	a22o_2		core_combinational	agent_written
_2951_	or2_2		core_combinational	agent_written
_2952_	o211a_2		core_combinational	agent_written
_2953_	or2_2		core_combinational	agent_written
_2954_	o211a_2		core_combinational	agent_written
_2955_	a211o_2		core_combinational	agent_written
_2956_	mux4_2		core_mux	agent_written
_2957_	mux2_1		core_mux	agent_written
_2958_	a21o_2		core_combinational	agent_written
_2959_	mux2_1		core_mux	agent_written
_2960_	a22o_2		core_combinational	agent_written
_2961_	o22ai_2		core_combinational	agent_written
_2962_	a21oi_2		core_combinational	agent_written
_2963_	inv_2		core_combinational	agent_written
_2964_	and2_2		core_combinational	agent_written
_2965_	nor2_2		core_combinational	agent_written
_2966_	or2_2		core_combinational	agent_written
_2967_	a22o_2		core_combinational	agent_written
_2968_	a22o_2		core_combinational	agent_written
_2969_	mux4_2		core_mux	agent_written
_2970_	mux4_2		core_mux	agent_written
_2971_	mux4_2		core_mux	agent_written
_2972_	a22o_2		core_combinational	agent_written
_2973_	a21o_2		core_combinational	agent_written
_2974_	or2_2		core_combinational	agent_written
_2975_	mux2_1		core_mux	agent_written
_2976_	a22o_2		core_combinational	agent_written
_2977_	or2_2		core_combinational	agent_written
_2978_	o211a_2		core_combinational	agent_written
_2979_	or2_2		core_combinational	agent_written
_2980_	o211a_2		core_combinational	agent_written
_2981_	a211o_2		core_combinational	agent_written
_2982_	mux4_2		core_mux	agent_written
_2983_	mux2_1		core_mux	agent_written
_2984_	a21o_2		core_combinational	agent_written
_2985_	mux2_1		core_mux	agent_written
_2986_	a22o_2		core_combinational	agent_written
_2987_	o22ai_2		core_combinational	agent_written
_2988_	a21oi_2		core_combinational	agent_written
_2989_	inv_2		core_combinational	agent_written
_2990_	nand2_2		core_combinational	agent_written
_2991_	or2_2		core_combinational	agent_written
_2992_	and2_2		core_combinational	agent_written
_2993_	mux4_2		core_mux	agent_written
_2994_	a21o_2		core_combinational	agent_written
_2995_	mux4_2		core_mux	agent_written
_2996_	mux4_2		core_mux	agent_written
_2997_	o22a_2		core_combinational	agent_written
_2998_	mux2_1		core_mux	agent_written
_2999_	mux2_1		core_mux	agent_written
_3000_	a22o_2		core_combinational	agent_written
_3001_	a21oi_2		core_combinational	agent_written
_3002_	or2_2		core_combinational	agent_written
_3003_	mux2_1		core_mux	agent_written
_3004_	a22o_2		core_combinational	agent_written
_3005_	or2_2		core_combinational	agent_written
_3006_	o211a_2		core_combinational	agent_written
_3007_	mux2_1		core_mux	agent_written
_3008_	a22o_2		core_combinational	agent_written
_3009_	mux4_2		core_mux	agent_written
_3010_	mux2_1		core_mux	agent_written
_3011_	mux2_1		core_mux	agent_written
_3012_	a22o_2		core_combinational	agent_written
_3013_	a211o_2		core_combinational	agent_written
_3014_	o31a_2		core_combinational	agent_written
_3015_	or2_2		core_combinational	agent_written
_3016_	and3_2		core_combinational	agent_written
_3017_	a21oi_2		core_combinational	agent_written
_3018_	or2_2		core_combinational	agent_written
_3019_	mux4_2		core_mux	agent_written
_3020_	mux4_2		core_mux	agent_written
_3021_	a22o_2		core_combinational	agent_written
_3022_	mux2_1		core_mux	agent_written
_3023_	mux2_1		core_mux	agent_written
_3024_	a22o_2		core_combinational	agent_written
_3025_	mux4_2		core_mux	agent_written
_3026_	a211o_2		core_combinational	agent_written
_3027_	nand2b_2		core_combinational	agent_written
_3028_	mux2_1		core_mux	agent_written
_3029_	a22o_2		core_combinational	agent_written
_3030_	or2_2		core_combinational	agent_written
_3031_	o211a_2		core_combinational	agent_written
_3032_	or2_2		core_combinational	agent_written
_3033_	o211a_2		core_combinational	agent_written
_3034_	a211o_2		core_combinational	agent_written
_3035_	mux4_2		core_mux	agent_written
_3036_	mux2_1		core_mux	agent_written
_3037_	a21o_2		core_combinational	agent_written
_3038_	mux2_1		core_mux	agent_written
_3039_	a22o_2		core_combinational	agent_written
_3040_	o22a_2		core_combinational	agent_written
_3041_	nor2_2		core_combinational	agent_written
_3042_	nor2_2		core_combinational	agent_written
_3043_	and2_2		core_combinational	agent_written
_3044_	nor2_2		core_combinational	agent_written
_3045_	or2_2		core_combinational	agent_written
_3046_	mux4_2		core_mux	agent_written
_3047_	a21o_2		core_combinational	agent_written
_3048_	mux4_2		core_mux	agent_written
_3049_	mux4_2		core_mux	agent_written
_3050_	o22a_2		core_combinational	agent_written
_3051_	mux2_1		core_mux	agent_written
_3052_	mux2_1		core_mux	agent_written
_3053_	a22o_2		core_combinational	agent_written
_3054_	a21oi_2		core_combinational	agent_written
_3055_	or2_2		core_combinational	agent_written
_3056_	inv_2		core_combinational	agent_written
_3057_	mux4_2		core_mux	agent_written
_3058_	mux2_1		core_mux	agent_written
_3059_	mux2_1		core_mux	agent_written
_3060_	or2_2		core_combinational	agent_written
_3061_	o211a_2		core_combinational	agent_written
_3062_	mux4_2		core_mux	agent_written
_3063_	a221o_2		core_combinational	agent_written
_3064_	a22o_2		core_combinational	agent_written
_3065_	a211o_2		core_combinational	agent_written
_3066_	o21ai_2		core_combinational	agent_written
_3067_	a21oi_2		core_combinational	agent_written
_3068_	nand2_2		core_combinational	agent_written
_3069_	or2_2		core_combinational	agent_written
_3070_	nand2_2		core_combinational	agent_written
_3071_	inv_2		core_combinational	agent_written
_3072_	mux4_2		core_mux	agent_written
_3073_	a21o_2		core_combinational	agent_written
_3074_	mux4_2		core_mux	agent_written
_3075_	mux4_2		core_mux	agent_written
_3076_	o22a_2		core_combinational	agent_written
_3077_	nand2_2		core_combinational	agent_written
_3078_	a22o_2		core_combinational	agent_written
_3079_	a32o_2		core_combinational	agent_written
_3080_	a21oi_2		core_combinational	agent_written
_3081_	a21o_2		core_combinational	agent_written
_3082_	mux4_2		core_mux	agent_written
_3083_	mux2_1		core_mux	agent_written
_3084_	mux2_1		core_mux	agent_written
_3085_	a22o_2		core_combinational	agent_written
_3086_	a21o_2		core_combinational	agent_written
_3087_	mux2_1		core_mux	agent_written
_3088_	a22o_2		core_combinational	agent_written
_3089_	mux4_2		core_mux	agent_written
_3090_	a22o_2		core_combinational	agent_written
_3091_	a21oi_2		core_combinational	agent_written
_3092_	inv_2		core_combinational	agent_written
_3093_	a21oi_2		core_combinational	agent_written
_3094_	and2_2		core_combinational	agent_written
_3095_	or2_2		core_combinational	agent_written
_3096_	nand2b_2		core_combinational	agent_written
_3097_	nand2b_2		core_combinational	agent_written
_3098_	mux4_2		core_mux	agent_written
_3099_	a21o_2		core_combinational	agent_written
_3100_	mux4_2		core_mux	agent_written
_3101_	mux4_2		core_mux	agent_written
_3102_	o22a_2		core_combinational	agent_written
_3103_	nand2_2		core_combinational	agent_written
_3104_	a22o_2		core_combinational	agent_written
_3105_	a32o_2		core_combinational	agent_written
_3106_	a21oi_2		core_combinational	agent_written
_3107_	a21oi_2		core_combinational	agent_written
_3108_	mux4_2		core_mux	agent_written
_3109_	mux2_1		core_mux	agent_written
_3110_	mux2_1		core_mux	agent_written
_3111_	a22o_2		core_combinational	agent_written
_3112_	a21o_2		core_combinational	agent_written
_3113_	mux2_1		core_mux	agent_written
_3114_	a22o_2		core_combinational	agent_written
_3115_	mux4_2		core_mux	agent_written
_3116_	a22o_2		core_combinational	agent_written
_3117_	a21oi_2		core_combinational	agent_written
_3118_	a21oi_2		core_combinational	agent_written
_3119_	and2b_2		core_combinational	agent_written
_3120_	nand2b_2		core_combinational	agent_written
_3121_	nand2b_2		core_combinational	agent_written
_3122_	mux4_2		core_mux	agent_written
_3123_	a22o_2		core_combinational	agent_written
_3124_	a22o_2		core_combinational	agent_written
_3125_	mux4_2		core_mux	agent_written
_3126_	mux4_2		core_mux	agent_written
_3127_	a22o_2		core_combinational	agent_written
_3128_	a21o_2		core_combinational	agent_written
_3129_	or2_2		core_combinational	agent_written
_3130_	or2_2		core_combinational	agent_written
_3131_	o211a_2		core_combinational	agent_written
_3132_	mux4_2		core_mux	agent_written
_3133_	a221o_2		core_combinational	agent_written
_3134_	mux4_2		core_mux	agent_written
_3135_	mux2_1		core_mux	agent_written
_3136_	mux2_1		core_mux	agent_written
_3137_	a22o_2		core_combinational	agent_written
_3138_	a211o_2		core_combinational	agent_written
_3139_	o21ai_2		core_combinational	agent_written
_3140_	a21o_2		core_combinational	agent_written
_3141_	nand2_2		core_combinational	agent_written
_3142_	nor2_2		core_combinational	agent_written
_3143_	inv_2		core_combinational	agent_written
_3144_	and2b_2		core_combinational	agent_written
_3145_	nand2_2		core_combinational	agent_written
_3146_	or4_2		core_combinational	agent_written
_3147_	or3b_2		core_combinational	agent_written
_3148_	or4_2		core_combinational	agent_written
_3149_	a32o_2		core_combinational	agent_written
_3150_	a21oi_2		core_combinational	agent_written
_3151_	o21a_2		core_combinational	agent_written
_3152_	o311a_2		core_combinational	agent_written
_3153_	or3_2		core_combinational	agent_written
_3154_	and4b_2		core_combinational	agent_written
_3155_	o31a_2		core_combinational	agent_written
_3156_	a22o_2		core_combinational	agent_written
_3157_	xnor2_2		core_combinational	agent_written
_3158_	and3_2		core_combinational	agent_written
_3159_	a21oi_2		core_combinational	agent_written
_3160_	or2_2		core_combinational	agent_written
_3161_	xnor2_2		core_combinational	agent_written
_3162_	o22ai_2		core_combinational	agent_written
_3163_	a22o_2		core_combinational	agent_written
_3164_	xnor2_2		core_combinational	agent_written
_3165_	a32oi_2		core_combinational	agent_written
_3166_	o21ai_2		core_combinational	agent_written
_3167_	o21a_2		core_combinational	agent_written
_3168_	o21a_2		core_combinational	agent_written
_3169_	a22o_2		core_combinational	agent_written
_3170_	xnor2_2		core_combinational	agent_written
_3171_	nand2_2		core_combinational	agent_written
_3172_	o21ai_2		core_combinational	agent_written
_3173_	nand2_2		core_combinational	agent_written
_3174_	o21a_2		core_combinational	agent_written
_3175_	a22o_2		core_combinational	agent_written
_3176_	a22o_2		core_combinational	agent_written
_3177_	nand2_2		core_combinational	agent_written
_3178_	and2_2		core_combinational	agent_written
_3179_	a21o_2		core_combinational	agent_written
_3180_	xor2_2		core_combinational	agent_written
_3181_	a22o_2		core_combinational	agent_written
_3182_	a22o_2		core_combinational	agent_written
_3183_	or3b_2		core_combinational	agent_written
_3184_	a21boi_2		core_combinational	agent_written
_3185_	and2b_2		core_combinational	agent_written
_3186_	nor2_2		core_combinational	agent_written
_3187_	inv_2		core_combinational	agent_written
_3188_	o21ai_2		core_combinational	agent_written
_3189_	o311a_2		core_combinational	agent_written
_3190_	a22o_2		core_combinational	agent_written
_3191_	nand2b_2		core_combinational	agent_written
_3192_	nor2_2		core_combinational	agent_written
_3193_	a311o_2		core_combinational	agent_written
_3194_	nand2_2		core_combinational	agent_written
_3195_	o21a_2		core_combinational	agent_written
_3196_	a22o_2		core_combinational	agent_written
_3197_	a22o_2		core_combinational	agent_written
_3198_	and2_2		core_combinational	agent_written
_3199_	a21o_2		core_combinational	agent_written
_3200_	nand2_2		core_combinational	agent_written
_3201_	nand2_2		core_combinational	agent_written
_3202_	xnor2_2		core_combinational	agent_written
_3203_	and2_2		core_combinational	agent_written
_3204_	a22o_2		core_combinational	agent_written
_3205_	a22o_2		core_combinational	agent_written
_3206_	a31o_2		core_combinational	agent_written
_3207_	nand2_2		core_combinational	agent_written
_3208_	o21a_2		core_combinational	agent_written
_3209_	a22o_2		core_combinational	agent_written
_3210_	a22o_2		core_combinational	agent_written
_3211_	a21o_2		core_combinational	agent_written
_3212_	xnor2_2		core_combinational	agent_written
_3213_	and2_2		core_combinational	agent_written
_3214_	a22o_2		core_combinational	agent_written
_3215_	a32o_2		core_combinational	agent_written
_3216_	and3_2		core_combinational	agent_written
_3217_	or3_2		core_combinational	agent_written
_3218_	o21ai_2		core_combinational	agent_written
_3219_	and3_2		core_combinational	agent_written
_3220_	a21o_2		core_combinational	agent_written
_3221_	a22o_2		core_combinational	agent_written
_3222_	a21oi_2		core_combinational	agent_written
_3223_	a21boi_2		core_combinational	agent_written
_3224_	o21a_2		core_combinational	agent_written
_3225_	a22o_2		core_combinational	agent_written
_3226_	and2b_2		core_combinational	agent_written
_3227_	o211a_2		core_combinational	agent_written
_3228_	and2_2		core_combinational	agent_written
_3229_	a211o_2		core_combinational	agent_written
_3230_	nand2b_2		core_combinational	agent_written
_3231_	xnor2_2		core_combinational	agent_written
_3232_	a2bb2o_2		core_combinational	agent_written
_3233_	a22o_2		core_combinational	agent_written
_3234_	a21o_2		core_combinational	agent_written
_3235_	nand2_2		core_combinational	agent_written
_3236_	o211a_2		core_combinational	agent_written
_3237_	a22o_2		core_combinational	agent_written
_3238_	a2bb2o_2		core_combinational	agent_written
_3239_	nor2_2		core_combinational	agent_written
_3240_	a21o_2		core_combinational	agent_written
_3241_	xor2_2		core_combinational	agent_written
_3242_	a22o_2		core_combinational	agent_written
_3243_	a22o_2		core_combinational	agent_written
_3244_	a21oi_2		core_combinational	agent_written
_3245_	o21ai_2		core_combinational	agent_written
_3246_	o311a_2		core_combinational	agent_written
_3247_	a22o_2		core_combinational	agent_written
_3248_	and3b_2		core_combinational	agent_written
_3249_	o21a_2		core_combinational	agent_written
_3250_	nor2_2		core_combinational	agent_written
_3251_	o21a_2		core_combinational	agent_written
_3252_	nor2_2		core_combinational	agent_written
_3253_	or3_2		core_combinational	agent_written
_3254_	and4_2		core_combinational	agent_written
_3255_	a21oi_2		core_combinational	agent_written
_3256_	nor2_2		core_combinational	agent_written
_3257_	a21o_2		core_combinational	agent_written
_3258_	or2_2		core_combinational	agent_written
_3259_	o21ai_2		core_combinational	agent_written
_3260_	a22o_2		core_combinational	agent_written
_3261_	o21ai_2		core_combinational	agent_written
_3262_	a21boi_2		core_combinational	agent_written
_3263_	o21a_2		core_combinational	agent_written
_3264_	a22o_2		core_combinational	agent_written
_3265_	a22o_2		core_combinational	agent_written
_3266_	nor2_2		core_combinational	agent_written
_3267_	a21oi_2		core_combinational	agent_written
_3268_	nor2_2		core_combinational	agent_written
_3269_	xnor2_2		core_combinational	agent_written
_3270_	o22ai_2		core_combinational	agent_written
_3271_	a22o_2		core_combinational	agent_written
_3272_	o21ai_2		core_combinational	agent_written
_3273_	o21a_2		core_combinational	agent_written
_3274_	a21boi_2		core_combinational	agent_written
_3275_	a22o_2		core_combinational	agent_written
_3276_	o21bai_2		core_combinational	agent_written
_3277_	a2bb2o_2		core_combinational	agent_written
_3278_	nor2_2		core_combinational	agent_written
_3279_	and3b_2		core_combinational	agent_written
_3280_	nor2_2		core_combinational	agent_written
_3281_	o21bai_2		core_combinational	agent_written
_3282_	a21oi_2		core_combinational	agent_written
_3283_	a2bb2o_2		core_combinational	agent_written
_3284_	a22o_2		core_combinational	agent_written
_3285_	nand2b_2		core_combinational	agent_written
_3286_	a21o_2		core_combinational	agent_written
_3287_	nand2_2		core_combinational	agent_written
_3288_	o211a_2		core_combinational	agent_written
_3289_	a22o_2		core_combinational	agent_written
_3290_	nor2_2		core_combinational	agent_written
_3291_	o21ai_2		core_combinational	agent_written
_3292_	or3_2		core_combinational	agent_written
_3293_	o21ai_2		core_combinational	agent_written
_3294_	and3_2		core_combinational	agent_written
_3295_	a21o_2		core_combinational	agent_written
_3296_	a22o_2		core_combinational	agent_written
_3297_	a21oi_2		core_combinational	agent_written
_3298_	xor2_2		core_combinational	agent_written
_3299_	and2_2		core_combinational	agent_written
_3300_	a22o_2		core_combinational	agent_written
_3301_	and4bb_2		core_combinational	agent_written
_3302_	o211a_2		core_combinational	agent_written
_3303_	and2b_2		core_combinational	agent_written
_3304_	a211oi_2		core_combinational	agent_written
_3305_	nand3_2		core_combinational	agent_written
_3306_	o21ai_2		core_combinational	agent_written
_3307_	nand2_2		core_combinational	agent_written
_3308_	o21a_2		core_combinational	agent_written
_3309_	a22o_2		core_combinational	agent_written
_3310_	a22o_2		core_combinational	agent_written
_3311_	a21o_2		core_combinational	agent_written
_3312_	o21ai_2		core_combinational	agent_written
_3313_	a21oi_2		core_combinational	agent_written
_3314_	a22o_2		core_combinational	agent_written
_3315_	o21ba_2		core_combinational	agent_written
_3316_	o21a_2		core_combinational	agent_written
_3317_	or2_2		core_combinational	agent_written
_3318_	a21oi_2		core_combinational	agent_written
_3319_	a22o_2		core_combinational	agent_written
_3320_	a22o_2		core_combinational	agent_written
_3321_	o21ai_2		core_combinational	agent_written
_3322_	a21o_2		core_combinational	agent_written
_3323_	nand3_2		core_combinational	agent_written
_3324_	and3_2		core_combinational	agent_written
_3325_	a22o_2		core_combinational	agent_written
_3326_	nand2_2		core_combinational	agent_written
_3327_	and4b_2		core_combinational	agent_written
_3328_	and2_2		core_combinational	agent_written
_3329_	or3_2		core_combinational	agent_written
_3330_	o21ai_2		core_combinational	agent_written
_3331_	a21o_2		core_combinational	agent_written
_3332_	and2_2		core_combinational	agent_written
_3333_	o21ai_2		core_combinational	agent_written
_3334_	a2bb2o_2		core_combinational	agent_written
_3335_	a22o_2		core_combinational	agent_written
_3336_	o21ai_2		core_combinational	agent_written
_3337_	xnor2_2		core_combinational	agent_written
_3338_	and2_2		core_combinational	agent_written
_3339_	a22o_2		core_combinational	agent_written
_3340_	a21o_2		core_combinational	agent_written
_3341_	o22a_2		core_combinational	agent_written
_3342_	o221ai_2		core_combinational	agent_written
_3343_	xnor2_2		core_combinational	agent_written
_3344_	a2bb2o_2		core_combinational	agent_written
_3345_	a22o_2		core_combinational	agent_written
_3346_	a21o_2		core_combinational	agent_written
_3347_	xnor2_2		core_combinational	agent_written
_3348_	and2_2		core_combinational	agent_written
_3349_	a22o_2		core_combinational	agent_written
_3350_	nor2_2		core_combinational	agent_written
_3351_	o21a_2		core_combinational	agent_written
_3352_	a22o_2		core_combinational	agent_written
_3353_	a22o_2		core_combinational	agent_written
_3354_	a22o_2		core_combinational	agent_written
_3355_	a22o_2		core_combinational	agent_written
_3356_	a22o_2		core_combinational	agent_written
_3357_	a22o_2		core_combinational	agent_written
_3358_	a22o_2		core_combinational	agent_written
_3359_	a22o_2		core_combinational	agent_written
_3360_	a22o_2		core_combinational	agent_written
_3361_	a22o_2		core_combinational	agent_written
_3362_	a22o_2		core_combinational	agent_written
_3363_	a22o_2		core_combinational	agent_written
_3364_	a22o_2		core_combinational	agent_written
_3365_	a22o_2		core_combinational	agent_written
_3366_	a22o_2		core_combinational	agent_written
_3367_	a22o_2		core_combinational	agent_written
_3368_	a22o_2		core_combinational	agent_written
_3369_	a22o_2		core_combinational	agent_written
_3370_	a22o_2		core_combinational	agent_written
_3371_	a22o_2		core_combinational	agent_written
_3372_	a22o_2		core_combinational	agent_written
_3373_	a22o_2		core_combinational	agent_written
_3374_	a22o_2		core_combinational	agent_written
_3375_	a22o_2		core_combinational	agent_written
_3376_	a22o_2		core_combinational	agent_written
_3377_	a22o_2		core_combinational	agent_written
_3378_	a22o_2		core_combinational	agent_written
_3379_	a22o_2		core_combinational	agent_written
_3380_	a22o_2		core_combinational	agent_written
_3381_	a22o_2		core_combinational	agent_written
_3382_	a22o_2		core_combinational	agent_written
_3383_	a22o_2		core_combinational	agent_written
_3384_	nand2_2		core_combinational	agent_written
_3385_	or3b_2		core_combinational	agent_written
_3386_	nor2_2		core_combinational	agent_written
_3387_	o21a_2		core_combinational	agent_written
_3388_	a22o_2		core_combinational	agent_written
_3389_	a22o_2		core_combinational	agent_written
_3390_	a22o_2		core_combinational	agent_written
_3391_	a22o_2		core_combinational	agent_written
_3392_	a22o_2		core_combinational	agent_written
_3393_	a22o_2		core_combinational	agent_written
_3394_	a22o_2		core_combinational	agent_written
_3395_	a22o_2		core_combinational	agent_written
_3396_	a22o_2		core_combinational	agent_written
_3397_	a22o_2		core_combinational	agent_written
_3398_	a22o_2		core_combinational	agent_written
_3399_	a22o_2		core_combinational	agent_written
_3400_	a22o_2		core_combinational	agent_written
_3401_	a22o_2		core_combinational	agent_written
_3402_	a22o_2		core_combinational	agent_written
_3403_	a22o_2		core_combinational	agent_written
_3404_	a22o_2		core_combinational	agent_written
_3405_	a22o_2		core_combinational	agent_written
_3406_	a22o_2		core_combinational	agent_written
_3407_	a22o_2		core_combinational	agent_written
_3408_	a22o_2		core_combinational	agent_written
_3409_	a22o_2		core_combinational	agent_written
_3410_	a22o_2		core_combinational	agent_written
_3411_	a22o_2		core_combinational	agent_written
_3412_	a22o_2		core_combinational	agent_written
_3413_	a22o_2		core_combinational	agent_written
_3414_	a22o_2		core_combinational	agent_written
_3415_	a22o_2		core_combinational	agent_written
_3416_	a22o_2		core_combinational	agent_written
_3417_	a22o_2		core_combinational	agent_written
_3418_	a22o_2		core_combinational	agent_written
_3419_	a22o_2		core_combinational	agent_written
_3420_	nand2b_2		core_combinational	agent_written
_3421_	nor2_2		core_combinational	agent_written
_3422_	o21a_2		core_combinational	agent_written
_3423_	a22o_2		core_combinational	agent_written
_3424_	a22o_2		core_combinational	agent_written
_3425_	a22o_2		core_combinational	agent_written
_3426_	a22o_2		core_combinational	agent_written
_3427_	a22o_2		core_combinational	agent_written
_3428_	a22o_2		core_combinational	agent_written
_3429_	a22o_2		core_combinational	agent_written
_3430_	a22o_2		core_combinational	agent_written
_3431_	a22o_2		core_combinational	agent_written
_3432_	a22o_2		core_combinational	agent_written
_3433_	a22o_2		core_combinational	agent_written
_3434_	a22o_2		core_combinational	agent_written
_3435_	a22o_2		core_combinational	agent_written
_3436_	a22o_2		core_combinational	agent_written
_3437_	a22o_2		core_combinational	agent_written
_3438_	a22o_2		core_combinational	agent_written
_3439_	a22o_2		core_combinational	agent_written
_3440_	a22o_2		core_combinational	agent_written
_3441_	a22o_2		core_combinational	agent_written
_3442_	a22o_2		core_combinational	agent_written
_3443_	a22o_2		core_combinational	agent_written
_3444_	a22o_2		core_combinational	agent_written
_3445_	a22o_2		core_combinational	agent_written
_3446_	a22o_2		core_combinational	agent_written
_3447_	a22o_2		core_combinational	agent_written
_3448_	a22o_2		core_combinational	agent_written
_3449_	a22o_2		core_combinational	agent_written
_3450_	a22o_2		core_combinational	agent_written
_3451_	a22o_2		core_combinational	agent_written
_3452_	a22o_2		core_combinational	agent_written
_3453_	a22o_2		core_combinational	agent_written
_3454_	a22o_2		core_combinational	agent_written
_3455_	nor2_2		core_combinational	agent_written
_3456_	o21a_2		core_combinational	agent_written
_3457_	a22o_2		core_combinational	agent_written
_3458_	a22o_2		core_combinational	agent_written
_3459_	a22o_2		core_combinational	agent_written
_3460_	a22o_2		core_combinational	agent_written
_3461_	a22o_2		core_combinational	agent_written
_3462_	a22o_2		core_combinational	agent_written
_3463_	a22o_2		core_combinational	agent_written
_3464_	a22o_2		core_combinational	agent_written
_3465_	a22o_2		core_combinational	agent_written
_3466_	a22o_2		core_combinational	agent_written
_3467_	a22o_2		core_combinational	agent_written
_3468_	a22o_2		core_combinational	agent_written
_3469_	a22o_2		core_combinational	agent_written
_3470_	a22o_2		core_combinational	agent_written
_3471_	a22o_2		core_combinational	agent_written
_3472_	a22o_2		core_combinational	agent_written
_3473_	a22o_2		core_combinational	agent_written
_3474_	a22o_2		core_combinational	agent_written
_3475_	a22o_2		core_combinational	agent_written
_3476_	a22o_2		core_combinational	agent_written
_3477_	a22o_2		core_combinational	agent_written
_3478_	a22o_2		core_combinational	agent_written
_3479_	a22o_2		core_combinational	agent_written
_3480_	a22o_2		core_combinational	agent_written
_3481_	a22o_2		core_combinational	agent_written
_3482_	a22o_2		core_combinational	agent_written
_3483_	a22o_2		core_combinational	agent_written
_3484_	a22o_2		core_combinational	agent_written
_3485_	a22o_2		core_combinational	agent_written
_3486_	a22o_2		core_combinational	agent_written
_3487_	a22o_2		core_combinational	agent_written
_3488_	a22o_2		core_combinational	agent_written
_3489_	nor2_2		core_combinational	agent_written
_3490_	o21a_2		core_combinational	agent_written
_3491_	a22o_2		core_combinational	agent_written
_3492_	a22o_2		core_combinational	agent_written
_3493_	a22o_2		core_combinational	agent_written
_3494_	a22o_2		core_combinational	agent_written
_3495_	a22o_2		core_combinational	agent_written
_3496_	a22o_2		core_combinational	agent_written
_3497_	a22o_2		core_combinational	agent_written
_3498_	a22o_2		core_combinational	agent_written
_3499_	a22o_2		core_combinational	agent_written
_3500_	a22o_2		core_combinational	agent_written
_3501_	a22o_2		core_combinational	agent_written
_3502_	a22o_2		core_combinational	agent_written
_3503_	a22o_2		core_combinational	agent_written
_3504_	a22o_2		core_combinational	agent_written
_3505_	a22o_2		core_combinational	agent_written
_3506_	a22o_2		core_combinational	agent_written
_3507_	a22o_2		core_combinational	agent_written
_3508_	a22o_2		core_combinational	agent_written
_3509_	a22o_2		core_combinational	agent_written
_3510_	a22o_2		core_combinational	agent_written
_3511_	a22o_2		core_combinational	agent_written
_3512_	a22o_2		core_combinational	agent_written
_3513_	a22o_2		core_combinational	agent_written
_3514_	a22o_2		core_combinational	agent_written
_3515_	a22o_2		core_combinational	agent_written
_3516_	a22o_2		core_combinational	agent_written
_3517_	a22o_2		core_combinational	agent_written
_3518_	a22o_2		core_combinational	agent_written
_3519_	a22o_2		core_combinational	agent_written
_3520_	a22o_2		core_combinational	agent_written
_3521_	a22o_2		core_combinational	agent_written
_3522_	a22o_2		core_combinational	agent_written
_3523_	or4bb_2		core_combinational	agent_written
_3524_	nor2_2		core_combinational	agent_written
_3525_	o21a_2		core_combinational	agent_written
_3526_	a22o_2		core_combinational	agent_written
_3527_	a22o_2		core_combinational	agent_written
_3528_	a22o_2		core_combinational	agent_written
_3529_	a22o_2		core_combinational	agent_written
_3530_	a22o_2		core_combinational	agent_written
_3531_	a22o_2		core_combinational	agent_written
_3532_	a22o_2		core_combinational	agent_written
_3533_	a22o_2		core_combinational	agent_written
_3534_	a22o_2		core_combinational	agent_written
_3535_	a22o_2		core_combinational	agent_written
_3536_	a22o_2		core_combinational	agent_written
_3537_	a22o_2		core_combinational	agent_written
_3538_	a22o_2		core_combinational	agent_written
_3539_	a22o_2		core_combinational	agent_written
_3540_	a22o_2		core_combinational	agent_written
_3541_	a22o_2		core_combinational	agent_written
_3542_	a22o_2		core_combinational	agent_written
_3543_	a22o_2		core_combinational	agent_written
_3544_	a22o_2		core_combinational	agent_written
_3545_	a22o_2		core_combinational	agent_written
_3546_	a22o_2		core_combinational	agent_written
_3547_	a22o_2		core_combinational	agent_written
_3548_	a22o_2		core_combinational	agent_written
_3549_	a22o_2		core_combinational	agent_written
_3550_	a22o_2		core_combinational	agent_written
_3551_	a22o_2		core_combinational	agent_written
_3552_	a22o_2		core_combinational	agent_written
_3553_	a22o_2		core_combinational	agent_written
_3554_	a22o_2		core_combinational	agent_written
_3555_	a22o_2		core_combinational	agent_written
_3556_	a22o_2		core_combinational	agent_written
_3557_	a22o_2		core_combinational	agent_written
_3558_	nor2_2		core_combinational	agent_written
_3559_	o21a_2		core_combinational	agent_written
_3560_	a22o_2		core_combinational	agent_written
_3561_	a22o_2		core_combinational	agent_written
_3562_	a22o_2		core_combinational	agent_written
_3563_	a22o_2		core_combinational	agent_written
_3564_	a22o_2		core_combinational	agent_written
_3565_	a22o_2		core_combinational	agent_written
_3566_	a22o_2		core_combinational	agent_written
_3567_	a22o_2		core_combinational	agent_written
_3568_	a22o_2		core_combinational	agent_written
_3569_	a22o_2		core_combinational	agent_written
_3570_	a22o_2		core_combinational	agent_written
_3571_	a22o_2		core_combinational	agent_written
_3572_	a22o_2		core_combinational	agent_written
_3573_	a22o_2		core_combinational	agent_written
_3574_	a22o_2		core_combinational	agent_written
_3575_	a22o_2		core_combinational	agent_written
_3576_	a22o_2		core_combinational	agent_written
_3577_	a22o_2		core_combinational	agent_written
_3578_	a22o_2		core_combinational	agent_written
_3579_	a22o_2		core_combinational	agent_written
_3580_	a22o_2		core_combinational	agent_written
_3581_	a22o_2		core_combinational	agent_written
_3582_	a22o_2		core_combinational	agent_written
_3583_	a22o_2		core_combinational	agent_written
_3584_	a22o_2		core_combinational	agent_written
_3585_	a22o_2		core_combinational	agent_written
_3586_	a22o_2		core_combinational	agent_written
_3587_	a22o_2		core_combinational	agent_written
_3588_	a22o_2		core_combinational	agent_written
_3589_	a22o_2		core_combinational	agent_written
_3590_	a22o_2		core_combinational	agent_written
_3591_	a22o_2		core_combinational	agent_written
_3592_	nor2_2		core_combinational	agent_written
_3593_	o21a_2		core_combinational	agent_written
_3594_	a22o_2		core_combinational	agent_written
_3595_	a22o_2		core_combinational	agent_written
_3596_	a22o_2		core_combinational	agent_written
_3597_	a22o_2		core_combinational	agent_written
_3598_	a22o_2		core_combinational	agent_written
_3599_	a22o_2		core_combinational	agent_written
_3600_	a22o_2		core_combinational	agent_written
_3601_	a22o_2		core_combinational	agent_written
_3602_	a22o_2		core_combinational	agent_written
_3603_	a22o_2		core_combinational	agent_written
_3604_	a22o_2		core_combinational	agent_written
_3605_	a22o_2		core_combinational	agent_written
_3606_	a22o_2		core_combinational	agent_written
_3607_	a22o_2		core_combinational	agent_written
_3608_	a22o_2		core_combinational	agent_written
_3609_	a22o_2		core_combinational	agent_written
_3610_	a22o_2		core_combinational	agent_written
_3611_	a22o_2		core_combinational	agent_written
_3612_	a22o_2		core_combinational	agent_written
_3613_	a22o_2		core_combinational	agent_written
_3614_	a22o_2		core_combinational	agent_written
_3615_	a22o_2		core_combinational	agent_written
_3616_	a22o_2		core_combinational	agent_written
_3617_	a22o_2		core_combinational	agent_written
_3618_	a22o_2		core_combinational	agent_written
_3619_	a22o_2		core_combinational	agent_written
_3620_	a22o_2		core_combinational	agent_written
_3621_	a22o_2		core_combinational	agent_written
_3622_	a22o_2		core_combinational	agent_written
_3623_	a22o_2		core_combinational	agent_written
_3624_	a22o_2		core_combinational	agent_written
_3625_	a22o_2		core_combinational	agent_written
_3626_	nand3_2		core_combinational	agent_written
_3627_	nor2_2		core_combinational	agent_written
_3628_	o21a_2		core_combinational	agent_written
_3629_	a22o_2		core_combinational	agent_written
_3630_	a22o_2		core_combinational	agent_written
_3631_	a22o_2		core_combinational	agent_written
_3632_	a22o_2		core_combinational	agent_written
_3633_	a22o_2		core_combinational	agent_written
_3634_	a22o_2		core_combinational	agent_written
_3635_	a22o_2		core_combinational	agent_written
_3636_	a22o_2		core_combinational	agent_written
_3637_	a22o_2		core_combinational	agent_written
_3638_	a22o_2		core_combinational	agent_written
_3639_	a22o_2		core_combinational	agent_written
_3640_	a22o_2		core_combinational	agent_written
_3641_	a22o_2		core_combinational	agent_written
_3642_	a22o_2		core_combinational	agent_written
_3643_	a22o_2		core_combinational	agent_written
_3644_	a22o_2		core_combinational	agent_written
_3645_	a22o_2		core_combinational	agent_written
_3646_	a22o_2		core_combinational	agent_written
_3647_	a22o_2		core_combinational	agent_written
_3648_	a22o_2		core_combinational	agent_written
_3649_	a22o_2		core_combinational	agent_written
_3650_	a22o_2		core_combinational	agent_written
_3651_	a22o_2		core_combinational	agent_written
_3652_	a22o_2		core_combinational	agent_written
_3653_	a22o_2		core_combinational	agent_written
_3654_	a22o_2		core_combinational	agent_written
_3655_	a22o_2		core_combinational	agent_written
_3656_	a22o_2		core_combinational	agent_written
_3657_	a22o_2		core_combinational	agent_written
_3658_	a22o_2		core_combinational	agent_written
_3659_	a22o_2		core_combinational	agent_written
_3660_	a22o_2		core_combinational	agent_written
_3661_	nor2_2		core_combinational	agent_written
_3662_	o21a_2		core_combinational	agent_written
_3663_	a22o_2		core_combinational	agent_written
_3664_	a22o_2		core_combinational	agent_written
_3665_	a22o_2		core_combinational	agent_written
_3666_	a22o_2		core_combinational	agent_written
_3667_	a22o_2		core_combinational	agent_written
_3668_	a22o_2		core_combinational	agent_written
_3669_	a22o_2		core_combinational	agent_written
_3670_	a22o_2		core_combinational	agent_written
_3671_	a22o_2		core_combinational	agent_written
_3672_	a22o_2		core_combinational	agent_written
_3673_	a22o_2		core_combinational	agent_written
_3674_	a22o_2		core_combinational	agent_written
_3675_	a22o_2		core_combinational	agent_written
_3676_	a22o_2		core_combinational	agent_written
_3677_	a22o_2		core_combinational	agent_written
_3678_	a22o_2		core_combinational	agent_written
_3679_	a22o_2		core_combinational	agent_written
_3680_	a22o_2		core_combinational	agent_written
_3681_	a22o_2		core_combinational	agent_written
_3682_	a22o_2		core_combinational	agent_written
_3683_	a22o_2		core_combinational	agent_written
_3684_	a22o_2		core_combinational	agent_written
_3685_	a22o_2		core_combinational	agent_written
_3686_	a22o_2		core_combinational	agent_written
_3687_	a22o_2		core_combinational	agent_written
_3688_	a22o_2		core_combinational	agent_written
_3689_	a22o_2		core_combinational	agent_written
_3690_	a22o_2		core_combinational	agent_written
_3691_	a22o_2		core_combinational	agent_written
_3692_	a22o_2		core_combinational	agent_written
_3693_	a22o_2		core_combinational	agent_written
_3694_	a22o_2		core_combinational	agent_written
_3695_	nor2_2		core_combinational	agent_written
_3696_	o21a_2		core_combinational	agent_written
_3697_	a22o_2		core_combinational	agent_written
_3698_	a22o_2		core_combinational	agent_written
_3699_	a22o_2		core_combinational	agent_written
_3700_	a22o_2		core_combinational	agent_written
_3701_	a22o_2		core_combinational	agent_written
_3702_	a22o_2		core_combinational	agent_written
_3703_	a22o_2		core_combinational	agent_written
_3704_	a22o_2		core_combinational	agent_written
_3705_	a22o_2		core_combinational	agent_written
_3706_	a22o_2		core_combinational	agent_written
_3707_	a22o_2		core_combinational	agent_written
_3708_	a22o_2		core_combinational	agent_written
_3709_	a22o_2		core_combinational	agent_written
_3710_	a22o_2		core_combinational	agent_written
_3711_	a22o_2		core_combinational	agent_written
_3712_	a22o_2		core_combinational	agent_written
_3713_	a22o_2		core_combinational	agent_written
_3714_	a22o_2		core_combinational	agent_written
_3715_	a22o_2		core_combinational	agent_written
_3716_	a22o_2		core_combinational	agent_written
_3717_	a22o_2		core_combinational	agent_written
_3718_	a22o_2		core_combinational	agent_written
_3719_	a22o_2		core_combinational	agent_written
_3720_	a22o_2		core_combinational	agent_written
_3721_	a22o_2		core_combinational	agent_written
_3722_	a22o_2		core_combinational	agent_written
_3723_	a22o_2		core_combinational	agent_written
_3724_	a22o_2		core_combinational	agent_written
_3725_	a22o_2		core_combinational	agent_written
_3726_	a22o_2		core_combinational	agent_written
_3727_	a22o_2		core_combinational	agent_written
_3728_	a22o_2		core_combinational	agent_written
_3729_	nor2_2		core_combinational	agent_written
_3730_	o21a_2		core_combinational	agent_written
_3731_	a22o_2		core_combinational	agent_written
_3732_	a22o_2		core_combinational	agent_written
_3733_	a22o_2		core_combinational	agent_written
_3734_	a22o_2		core_combinational	agent_written
_3735_	a22o_2		core_combinational	agent_written
_3736_	a22o_2		core_combinational	agent_written
_3737_	a22o_2		core_combinational	agent_written
_3738_	a22o_2		core_combinational	agent_written
_3739_	a22o_2		core_combinational	agent_written
_3740_	a22o_2		core_combinational	agent_written
_3741_	a22o_2		core_combinational	agent_written
_3742_	a22o_2		core_combinational	agent_written
_3743_	a22o_2		core_combinational	agent_written
_3744_	a22o_2		core_combinational	agent_written
_3745_	a22o_2		core_combinational	agent_written
_3746_	a22o_2		core_combinational	agent_written
_3747_	a22o_2		core_combinational	agent_written
_3748_	a22o_2		core_combinational	agent_written
_3749_	a22o_2		core_combinational	agent_written
_3750_	a22o_2		core_combinational	agent_written
_3751_	a22o_2		core_combinational	agent_written
_3752_	a22o_2		core_combinational	agent_written
_3753_	a22o_2		core_combinational	agent_written
_3754_	a22o_2		core_combinational	agent_written
_3755_	a22o_2		core_combinational	agent_written
_3756_	a22o_2		core_combinational	agent_written
_3757_	a22o_2		core_combinational	agent_written
_3758_	a22o_2		core_combinational	agent_written
_3759_	a22o_2		core_combinational	agent_written
_3760_	a22o_2		core_combinational	agent_written
_3761_	a22o_2		core_combinational	agent_written
_3762_	a22o_2		core_combinational	agent_written
_3763_	nor2_2		core_combinational	agent_written
_3764_	o21a_2		core_combinational	agent_written
_3765_	a22o_2		core_combinational	agent_written
_3766_	a22o_2		core_combinational	agent_written
_3767_	a22o_2		core_combinational	agent_written
_3768_	a22o_2		core_combinational	agent_written
_3769_	a22o_2		core_combinational	agent_written
_3770_	a22o_2		core_combinational	agent_written
_3771_	a22o_2		core_combinational	agent_written
_3772_	a22o_2		core_combinational	agent_written
_3773_	a22o_2		core_combinational	agent_written
_3774_	a22o_2		core_combinational	agent_written
_3775_	a22o_2		core_combinational	agent_written
_3776_	a22o_2		core_combinational	agent_written
_3777_	a22o_2		core_combinational	agent_written
_3778_	a22o_2		core_combinational	agent_written
_3779_	a22o_2		core_combinational	agent_written
_3780_	a22o_2		core_combinational	agent_written
_3781_	a22o_2		core_combinational	agent_written
_3782_	a22o_2		core_combinational	agent_written
_3783_	a22o_2		core_combinational	agent_written
_3784_	a22o_2		core_combinational	agent_written
_3785_	a22o_2		core_combinational	agent_written
_3786_	a22o_2		core_combinational	agent_written
_3787_	a22o_2		core_combinational	agent_written
_3788_	a22o_2		core_combinational	agent_written
_3789_	a22o_2		core_combinational	agent_written
_3790_	a22o_2		core_combinational	agent_written
_3791_	a22o_2		core_combinational	agent_written
_3792_	a22o_2		core_combinational	agent_written
_3793_	a22o_2		core_combinational	agent_written
_3794_	a22o_2		core_combinational	agent_written
_3795_	a22o_2		core_combinational	agent_written
_3796_	a22o_2		core_combinational	agent_written
_3797_	nor2_2		core_combinational	agent_written
_3798_	o21a_2		core_combinational	agent_written
_3799_	a22o_2		core_combinational	agent_written
_3800_	a22o_2		core_combinational	agent_written
_3801_	a22o_2		core_combinational	agent_written
_3802_	a22o_2		core_combinational	agent_written
_3803_	a22o_2		core_combinational	agent_written
_3804_	a22o_2		core_combinational	agent_written
_3805_	a22o_2		core_combinational	agent_written
_3806_	a22o_2		core_combinational	agent_written
_3807_	a22o_2		core_combinational	agent_written
_3808_	a22o_2		core_combinational	agent_written
_3809_	a22o_2		core_combinational	agent_written
_3810_	a22o_2		core_combinational	agent_written
_3811_	a22o_2		core_combinational	agent_written
_3812_	a22o_2		core_combinational	agent_written
_3813_	a22o_2		core_combinational	agent_written
_3814_	a22o_2		core_combinational	agent_written
_3815_	a22o_2		core_combinational	agent_written
_3816_	a22o_2		core_combinational	agent_written
_3817_	a22o_2		core_combinational	agent_written
_3818_	a22o_2		core_combinational	agent_written
_3819_	a22o_2		core_combinational	agent_written
_3820_	a22o_2		core_combinational	agent_written
_3821_	a22o_2		core_combinational	agent_written
_3822_	a22o_2		core_combinational	agent_written
_3823_	a22o_2		core_combinational	agent_written
_3824_	a22o_2		core_combinational	agent_written
_3825_	a22o_2		core_combinational	agent_written
_3826_	a22o_2		core_combinational	agent_written
_3827_	a22o_2		core_combinational	agent_written
_3828_	a22o_2		core_combinational	agent_written
_3829_	a22o_2		core_combinational	agent_written
_3830_	a22o_2		core_combinational	agent_written
_3831_	xnor2_2		core_combinational	agent_written
_3832_	xnor2_2		core_combinational	agent_written
_3833_	nor2_2		core_combinational	agent_written
_3834_	nand3b_2		core_combinational	agent_written
_3835_	a21oi_2		core_combinational	agent_written
_3836_	nand2_2		core_combinational	agent_written
_3837_	xnor2_2		core_combinational	agent_written
_3838_	nand2_2		core_combinational	agent_written
_3839_	and3_2		core_combinational	agent_written
_3840_	xor2_2		core_combinational	agent_written
_3841_	xnor2_2		core_combinational	agent_written
_3842_	nand2_2		core_combinational	agent_written
_3843_	or2_2		core_combinational	agent_written
_3844_	a21oi_2		core_combinational	agent_written
_3845_	and3_2		core_combinational	agent_written
_3846_	nand2_2		core_combinational	agent_written
_3847_	a2bb2o_2		core_combinational	agent_written
_3848_	or3_2		core_combinational	agent_written
_3849_	xor2_2		core_combinational	agent_written
_3850_	o22a_2		core_combinational	agent_written
_3851_	o221ai_2		core_combinational	agent_written
_3852_	o22ai_2		core_combinational	agent_written
_3853_	a221o_2		core_combinational	agent_written
_3854_	a2bb2o_2		core_combinational	agent_written
_3855_	a211o_2		core_combinational	agent_written
_3856_	a221o_2		core_combinational	agent_written
_3857_	or4_2		core_combinational	agent_written
_3858_	o22a_2		core_combinational	agent_written
_3859_	o211ai_2		core_combinational	agent_written
_3860_	a2111o_2		core_combinational	agent_written
_3861_	and4_2		core_combinational	agent_written
_3862_	o2bb2a_2		core_combinational	agent_written
_3863_	a21oi_2		core_combinational	agent_written
_3864_	o2111a_2		core_combinational	agent_written
_3865_	a21oi_2		core_combinational	agent_written
_3866_	or4b_2		core_combinational	agent_written
_3867_	and4b_2		core_combinational	agent_written
_3868_	and4_2		core_combinational	agent_written
_3869_	a22oi_2		core_combinational	agent_written
_3870_	o221a_2		core_combinational	agent_written
_3871_	a2bb2o_2		core_combinational	agent_written
_3872_	a221oi_2		core_combinational	agent_written
_3873_	o2bb2a_2		core_combinational	agent_written
_3874_	o211a_2		core_combinational	agent_written
_3875_	a22oi_2		core_combinational	agent_written
_3876_	o221a_2		core_combinational	agent_written
_3877_	and4_2		core_combinational	agent_written
_3878_	and4bb_2		core_combinational	agent_written
_3879_	a31o_2		core_combinational	agent_written
_3880_	and4_2		core_combinational	agent_written
_3881_	and3b_2		core_combinational	agent_written
_3882_	a21boi_2		core_combinational	agent_written
_3883_	or3b_2		core_combinational	agent_written
_3884_	and2b_2		core_combinational	agent_written
_3885_	and3_2		core_combinational	agent_written
_3886_	or2_2		core_combinational	agent_written
_3887_	nand2_2		core_combinational	agent_written
_3888_	a21o_2		core_combinational	agent_written
_3889_	o211a_2		core_combinational	agent_written
_3890_	a21o_2		core_combinational	agent_written
_3891_	nand2_2		core_combinational	agent_written
_3892_	and3_2		core_combinational	agent_written
_3893_	xnor2_2		core_combinational	agent_written
_3894_	or2_2		core_combinational	agent_written
_3895_	nand2_2		core_combinational	agent_written
_3896_	a21o_2		core_combinational	agent_written
_3897_	o211a_2		core_combinational	agent_written
_3898_	a21oi_2		core_combinational	agent_written
_3899_	o21ai_2		core_combinational	agent_written
_3900_	o311a_2		core_combinational	agent_written
_3901_	or2_2		core_combinational	agent_written
_3902_	a21oi_2		core_combinational	agent_written
_3903_	and3_2		core_combinational	agent_written
_3904_	or2_2		core_combinational	agent_written
_3905_	xor2_2		core_combinational	agent_written
_3906_	or2_2		core_combinational	agent_written
_3907_	o211a_2		core_combinational	agent_written
_3908_	o21ba_2		core_combinational	agent_written
_3909_	a21oi_2		core_combinational	agent_written
_3910_	and3_2		core_combinational	agent_written
_3911_	nor2_2		core_combinational	agent_written
_3912_	nor2_2		core_combinational	agent_written
_3913_	a21o_2		core_combinational	agent_written
_3914_	o221a_2		core_combinational	agent_written
_3915_	a21oi_2		core_combinational	agent_written
_3916_	and3_2		core_combinational	agent_written
_3917_	or2_2		core_combinational	agent_written
_3918_	o21ba_2		core_combinational	agent_written
_3919_	xor2_2		core_combinational	agent_written
_3920_	or2_2		core_combinational	agent_written
_3921_	o211a_2		core_combinational	agent_written
_3922_	a21oi_2		core_combinational	agent_written
_3923_	and3_2		core_combinational	agent_written
_3924_	nor2_2		core_combinational	agent_written
_3925_	o21ba_2		core_combinational	agent_written
_3926_	xnor2_2		core_combinational	agent_written
_3927_	or2_2		core_combinational	agent_written
_3928_	o211a_2		core_combinational	agent_written
_3929_	or4_2		core_combinational	agent_written
_3930_	or4_2		core_combinational	agent_written
_3931_	nor2_2		core_combinational	agent_written
_3932_	o21bai_2		core_combinational	agent_written
_3933_	o31a_2		core_combinational	agent_written
_3934_	o31a_2		core_combinational	agent_written
_3935_	nand2_2		core_combinational	agent_written
_3936_	xnor2_2		core_combinational	agent_written
_3937_	or2_2		core_combinational	agent_written
_3938_	nand2_2		core_combinational	agent_written
_3939_	a21o_2		core_combinational	agent_written
_3940_	o211a_2		core_combinational	agent_written
_3941_	and2_2		core_combinational	agent_written
_3942_	xnor2_2		core_combinational	agent_written
_3943_	o21ai_2		core_combinational	agent_written
_3944_	xnor2_2		core_combinational	agent_written
_3945_	or2_2		core_combinational	agent_written
_3946_	o211a_2		core_combinational	agent_written
_3947_	a21oi_2		core_combinational	agent_written
_3948_	and3_2		core_combinational	agent_written
_3949_	inv_2		core_combinational	agent_written
_3950_	or2_2		core_combinational	agent_written
_3951_	o2111a_2		core_combinational	agent_written
_3952_	a21oi_2		core_combinational	agent_written
_3953_	o21a_2		core_combinational	agent_written
_3954_	xor2_2		core_combinational	agent_written
_3955_	or2_2		core_combinational	agent_written
_3956_	o211a_2		core_combinational	agent_written
_3957_	and2_2		core_combinational	agent_written
_3958_	nor2_2		core_combinational	agent_written
_3959_	nand2_2		core_combinational	agent_written
_3960_	xnor2_2		core_combinational	agent_written
_3961_	o21a_2		core_combinational	agent_written
_3962_	xnor2_2		core_combinational	agent_written
_3963_	nand2_2		core_combinational	agent_written
_3964_	o211a_2		core_combinational	agent_written
_3965_	xnor2_2		core_combinational	agent_written
_3966_	or2_2		core_combinational	agent_written
_3967_	o221ai_2		core_combinational	agent_written
_3968_	or3_2		core_combinational	agent_written
_3969_	o21ba_2		core_combinational	agent_written
_3970_	nand2_2		core_combinational	agent_written
_3971_	or2_2		core_combinational	agent_written
_3972_	and2_2		core_combinational	agent_written
_3973_	or2_2		core_combinational	agent_written
_3974_	o211a_2		core_combinational	agent_written
_3975_	xnor2_2		core_combinational	agent_written
_3976_	a21bo_2		core_combinational	agent_written
_3977_	nor2_2		core_combinational	agent_written
_3978_	and2_2		core_combinational	agent_written
_3979_	o21a_2		core_combinational	agent_written
_3980_	o31a_2		core_combinational	agent_written
_3981_	xnor2_2		core_combinational	agent_written
_3982_	o21ai_2		core_combinational	agent_written
_3983_	a2bb2o_2		core_combinational	agent_written
_3984_	xor2_2		core_combinational	agent_written
_3985_	or2_2		core_combinational	agent_written
_3986_	o211a_2		core_combinational	agent_written
_3987_	xnor2_2		core_combinational	agent_written
_3988_	o2bb2a_2		core_combinational	agent_written
_3989_	xnor2_2		core_combinational	agent_written
_3990_	o21ai_2		core_combinational	agent_written
_3991_	a21oi_2		core_combinational	agent_written
_3992_	xnor2_2		core_combinational	agent_written
_3993_	nor2_2		core_combinational	agent_written
_3994_	nor2_2		core_combinational	agent_written
_3995_	nand2_2		core_combinational	agent_written
_3996_	o21ai_2		core_combinational	agent_written
_3997_	and2b_2		core_combinational	agent_written
_3998_	a31oi_2		core_combinational	agent_written
_3999_	o311a_2		core_combinational	agent_written
_4000_	and2_2		core_combinational	agent_written
_4001_	nor2_2		core_combinational	agent_written
_4002_	o21ai_2		core_combinational	agent_written
_4003_	o211a_2		core_combinational	agent_written
_4004_	or2_2		core_combinational	agent_written
_4005_	nand2_2		core_combinational	agent_written
_4006_	nand2_2		core_combinational	agent_written
_4007_	a21o_2		core_combinational	agent_written
_4008_	nor2_2		core_combinational	agent_written
_4009_	and2_2		core_combinational	agent_written
_4010_	o21a_2		core_combinational	agent_written
_4011_	o31a_2		core_combinational	agent_written
_4012_	xnor2_2		core_combinational	agent_written
_4013_	o21a_2		core_combinational	agent_written
_4014_	o21ai_2		core_combinational	agent_written
_4015_	xor2_2		core_combinational	agent_written
_4016_	or2_2		core_combinational	agent_written
_4017_	o211a_2		core_combinational	agent_written
_4018_	xnor2_2		core_combinational	agent_written
_4019_	o2bb2a_2		core_combinational	agent_written
_4020_	xnor2_2		core_combinational	agent_written
_4021_	o21ai_2		core_combinational	agent_written
_4022_	a21oi_2		core_combinational	agent_written
_4023_	or2_2		core_combinational	agent_written
_4024_	nand2_2		core_combinational	agent_written
_4025_	nand2_2		core_combinational	agent_written
_4026_	nor2_2		core_combinational	agent_written
_4027_	o21a_2		core_combinational	agent_written
_4028_	a21o_2		core_combinational	agent_written
_4029_	inv_2		core_combinational	agent_written
_4030_	or3b_2		core_combinational	agent_written
_4031_	o21a_2		core_combinational	agent_written
_4032_	nand2_2		core_combinational	agent_written
_4033_	or2_2		core_combinational	agent_written
_4034_	a21o_2		core_combinational	agent_written
_4035_	o211a_2		core_combinational	agent_written
_4036_	xnor2_2		core_combinational	agent_written
_4037_	o21ai_2		core_combinational	agent_written
_4038_	xnor2_2		core_combinational	agent_written
_4039_	o21a_2		core_combinational	agent_written
_4040_	o21a_2		core_combinational	agent_written
_4041_	or2_2		core_combinational	agent_written
_4042_	nand2_2		core_combinational	agent_written
_4043_	nand2_2		core_combinational	agent_written
_4044_	o21ai_2		core_combinational	agent_written
_4045_	o31a_2		core_combinational	agent_written
_4046_	nand2_2		core_combinational	agent_written
_4047_	or2_2		core_combinational	agent_written
_4048_	a21o_2		core_combinational	agent_written
_4049_	o211a_2		core_combinational	agent_written
_4050_	xnor2_2		core_combinational	agent_written
_4051_	o21ai_2		core_combinational	agent_written
_4052_	nor2_2		core_combinational	agent_written
_4053_	and2_2		core_combinational	agent_written
_4054_	o21a_2		core_combinational	agent_written
_4055_	o31a_2		core_combinational	agent_written
_4056_	or2_2		core_combinational	agent_written
_4057_	nand2_2		core_combinational	agent_written
_4058_	nand2_2		core_combinational	agent_written
_4059_	or2_2		core_combinational	agent_written
_4060_	or3_2		core_combinational	agent_written
_4061_	o21ai_2		core_combinational	agent_written
_4062_	o221a_2		core_combinational	agent_written
_4063_	o31a_2		core_combinational	agent_written
_4064_	nand2_2		core_combinational	agent_written
_4065_	or2_2		core_combinational	agent_written
_4066_	a21o_2		core_combinational	agent_written
_4067_	o211a_2		core_combinational	agent_written
_4068_	xnor2_2		core_combinational	agent_written
_4069_	o21ai_2		core_combinational	agent_written
_4070_	o21ai_2		core_combinational	agent_written
_4071_	and2_2		core_combinational	agent_written
_4072_	o221a_2		core_combinational	agent_written
_4073_	or2_2		core_combinational	agent_written
_4074_	and3_2		core_combinational	agent_written
_4075_	nand2_2		core_combinational	agent_written
_4076_	nand2_2		core_combinational	agent_written
_4077_	o21ai_2		core_combinational	agent_written
_4078_	o31ai_2		core_combinational	agent_written
_4079_	xnor2_2		core_combinational	agent_written
_4080_	or2_2		core_combinational	agent_written
_4081_	o211a_2		core_combinational	agent_written
_4082_	xnor2_2		core_combinational	agent_written
_4083_	a21o_2		core_combinational	agent_written
_4084_	nor2_2		core_combinational	agent_written
_4085_	and2_2		core_combinational	agent_written
_4086_	o21a_2		core_combinational	agent_written
_4087_	o31a_2		core_combinational	agent_written
_4088_	xor2_2		core_combinational	agent_written
_4089_	or4_2		core_combinational	agent_written
_4090_	o21ai_2		core_combinational	agent_written
_4091_	or3_2		core_combinational	agent_written
_4092_	o211ai_2		core_combinational	agent_written
_4093_	or2_2		core_combinational	agent_written
_4094_	nand2_2		core_combinational	agent_written
_4095_	a21o_2		core_combinational	agent_written
_4096_	o211a_2		core_combinational	agent_written
_4097_	xor2_2		core_combinational	agent_written
_4098_	a22oi_2		core_combinational	agent_written
_4099_	a21o_2		core_combinational	agent_written
_4100_	nor2_2		core_combinational	agent_written
_4101_	o221a_2		core_combinational	agent_written
_4102_	xnor2_2		core_combinational	agent_written
_4103_	o21a_2		core_combinational	agent_written
_4104_	a31o_2		core_combinational	agent_written
_4105_	nor2_2		core_combinational	agent_written
_4106_	a21o_2		core_combinational	agent_written
_4107_	o221a_2		core_combinational	agent_written
_4108_	and2_2		core_combinational	agent_written
_4109_	and2_2		core_combinational	agent_written
_4110_	and2_2		core_combinational	agent_written
_4111_	and2_2		core_combinational	agent_written
_4112_	and2_2		core_combinational	agent_written
_4113_	and2_2		core_combinational	agent_written
_4114_	and2_2		core_combinational	agent_written
_4115_	and2_2		core_combinational	agent_written
_4116_	and2_2		core_combinational	agent_written
_4117_	and2_2		core_combinational	agent_written
_4118_	and2_2		core_combinational	agent_written
_4119_	and2_2		core_combinational	agent_written
_4120_	and2_2		core_combinational	agent_written
_4121_	and2_2		core_combinational	agent_written
_4122_	and2_2		core_combinational	agent_written
_4123_	and2_2		core_combinational	agent_written
_4124_	and2_2		core_combinational	agent_written
_4125_	and2_2		core_combinational	agent_written
_4126_	and2_2		core_combinational	agent_written
_4127_	and2_2		core_combinational	agent_written
_4128_	and2_2		core_combinational	agent_written
_4129_	and2_2		core_combinational	agent_written
_4130_	and2_2		core_combinational	agent_written
_4131_	and2_2		core_combinational	agent_written
_4132_	and2_2		core_combinational	agent_written
_4133_	and2_2		core_combinational	agent_written
_4134_	and2_2		core_combinational	agent_written
_4135_	and2_2		core_combinational	agent_written
_4136_	and2_2		core_combinational	agent_written
_4137_	and2_2		core_combinational	agent_written
_4138_	and2_2		core_combinational	agent_written
_4139_	and2_2		core_combinational	agent_written
_4140_	and2_2		core_combinational	agent_written
_4141_	o21a_2		core_combinational	agent_written
_4142_	and2b_2		core_combinational	agent_written
_4143_	nand2b_2		core_combinational	agent_written
_4144_	and2_2		core_combinational	agent_written
_4145_	nand2_2		core_combinational	agent_written
_4146_	o21a_2		core_combinational	agent_written
_4147_	nor2_2		core_combinational	agent_written
_4148_	nand2_2		core_combinational	agent_written
_4149_	or2_2		core_combinational	agent_written
_4150_	and3_2		core_combinational	agent_written
_4151_	a21o_2		core_combinational	agent_written
_4152_	nand2_2		core_combinational	agent_written
_4153_	and3_2		core_combinational	agent_written
_4154_	a31o_2		core_combinational	agent_written
_4155_	and3_2		core_combinational	agent_written
_4156_	nor2_2		core_combinational	agent_written
_4157_	or2_2		core_combinational	agent_written
_4158_	or2_2		core_combinational	agent_written
_4159_	o211a_2		core_combinational	agent_written
_4160_	or2_2		core_combinational	agent_written
_4161_	o211a_2		core_combinational	agent_written
_4162_	or3b_2		core_combinational	agent_written
_4163_	o21ai_2		core_combinational	agent_written
_4164_	a21oi_2		core_combinational	agent_written
_4165_	mux2_1		core_mux	agent_written
_4166_	and2_2		core_combinational	agent_written
_4167_	or2_2		core_combinational	agent_written
_4168_	o211a_2		core_combinational	agent_written
_4169_	mux2_1		core_mux	agent_written
_4170_	and2_2		core_combinational	agent_written
_4171_	or2_2		core_combinational	agent_written
_4172_	o211a_2		core_combinational	agent_written
_4173_	mux2_1		core_mux	agent_written
_4174_	and2_2		core_combinational	agent_written
_4175_	nor3b_2		core_combinational	agent_written
_4176_	or3b_2		core_combinational	agent_written
_4177_	or2_2		core_combinational	agent_written
_4178_	o211a_2		core_combinational	agent_written
_4179_	or2_2		core_combinational	agent_written
_4180_	o211a_2		core_combinational	agent_written
_4181_	nor2_2		core_combinational	agent_written
_4182_	or2_2		core_combinational	agent_written
_4183_	or2_2		core_combinational	agent_written
_4184_	o211a_2		core_combinational	agent_written
_4185_	nand2_2		core_combinational	agent_written
_4186_	o211a_2		core_combinational	agent_written
_4187_	or2_2		core_combinational	agent_written
_4188_	o211a_2		core_combinational	agent_written
_4189_	or2_2		core_combinational	agent_written
_4190_	o211a_2		core_combinational	agent_written
_4191_	or2_2		core_combinational	agent_written
_4192_	o211a_2		core_combinational	agent_written
_4193_	or2_2		core_combinational	agent_written
_4194_	o211a_2		core_combinational	agent_written
_4195_	or2_2		core_combinational	agent_written
_4196_	o211a_2		core_combinational	agent_written
_4197_	nand2_2		core_combinational	agent_written
_4198_	o211a_2		core_combinational	agent_written
_4199_	or2_2		core_combinational	agent_written
_4200_	o211a_2		core_combinational	agent_written
_4201_	or2_2		core_combinational	agent_written
_4202_	o211a_2		core_combinational	agent_written
_4203_	nor3b_2		core_combinational	agent_written
_4204_	or3b_2		core_combinational	agent_written
_4205_	or2_2		core_combinational	agent_written
_4206_	o211a_2		core_combinational	agent_written
_4207_	or2_2		core_combinational	agent_written
_4208_	o211a_2		core_combinational	agent_written
_4209_	and4bb_2		core_combinational	agent_written
_4210_	or3b_2		core_combinational	agent_written
_4211_	or2_2		core_combinational	agent_written
_4212_	o211a_2		core_combinational	agent_written
_4213_	or2_2		core_combinational	agent_written
_4214_	o211a_2		core_combinational	agent_written
_4215_	or2_2		core_combinational	agent_written
_4216_	o211a_2		core_combinational	agent_written
_4217_	or2_2		core_combinational	agent_written
_4218_	o211a_2		core_combinational	agent_written
_4219_	or2_2		core_combinational	agent_written
_4220_	o211a_2		core_combinational	agent_written
_4221_	or2_2		core_combinational	agent_written
_4222_	o211a_2		core_combinational	agent_written
_4223_	or2_2		core_combinational	agent_written
_4224_	o211a_2		core_combinational	agent_written
_4225_	or2_2		core_combinational	agent_written
_4226_	o211a_2		core_combinational	agent_written
_4227_	or2_2		core_combinational	agent_written
_4228_	o211a_2		core_combinational	agent_written
_4229_	or2_2		core_combinational	agent_written
_4230_	o211a_2		core_combinational	agent_written
_4231_	or2_2		core_combinational	agent_written
_4232_	nand2_2		core_combinational	agent_written
_4233_	o21ai_2		core_combinational	agent_written
_4234_	or2_2		core_combinational	agent_written
_4235_	mux2_1		core_mux	agent_written
_4236_	nand2_2		core_combinational	agent_written
_4237_	mux2_1		core_mux	agent_written
_4238_	nand2_2		core_combinational	agent_written
_4239_	o211a_2		core_combinational	agent_written
_4240_	nor2_2		core_combinational	agent_written
_4241_	nand2_2		core_combinational	agent_written
_4242_	a21oi_2		core_combinational	agent_written
_4243_	nand2_2		core_combinational	agent_written
_4244_	nor3_2		core_combinational	agent_written
_4245_	or3_2		core_combinational	agent_written
_4246_	nand2_2		core_combinational	agent_written
_4247_	a21oi_2		core_combinational	agent_written
_4248_	o21ai_2		core_combinational	agent_written
_4249_	o21a_2		core_combinational	agent_written
_4250_	nor2_2		core_combinational	agent_written
_4251_	nand2_2		core_combinational	agent_written
_4252_	o211a_2		core_combinational	agent_written
_4253_	nor2_2		core_combinational	agent_written
_4254_	nand2_2		core_combinational	agent_written
_4255_	a21oi_2		core_combinational	agent_written
_4256_	nand2_2		core_combinational	agent_written
_4257_	nor3_2		core_combinational	agent_written
_4258_	or3_2		core_combinational	agent_written
_4259_	nand2_2		core_combinational	agent_written
_4260_	a21oi_2		core_combinational	agent_written
_4261_	o21ai_2		core_combinational	agent_written
_4262_	o21a_2		core_combinational	agent_written
_4263_	nor2_2		core_combinational	agent_written
_4264_	o31a_2		core_combinational	agent_written
_4265_	a21oi_2		core_combinational	agent_written
_4266_	a21oi_2		core_combinational	agent_written
_4267_	nand2_2		core_combinational	agent_written
_4268_	a21oi_2		core_combinational	agent_written
_4269_	nand2_2		core_combinational	agent_written
_4270_	nor3_2		core_combinational	agent_written
_4271_	or3_2		core_combinational	agent_written
_4272_	nand2_2		core_combinational	agent_written
_4273_	a21oi_2		core_combinational	agent_written
_4274_	o21ai_2		core_combinational	agent_written
_4275_	or4_2		core_combinational	agent_written
_4276_	a21oi_2		core_combinational	agent_written
_4277_	nor2_2		core_combinational	agent_written
_4278_	nor2_2		core_combinational	agent_written
_4279_	and3_2		core_combinational	agent_written
_4280_	o21ai_2		core_combinational	agent_written
_4281_	a21oi_2		core_combinational	agent_written
_4282_	a31o_2		core_combinational	agent_written
_4283_	and3_2		core_combinational	agent_written
_4284_	or4b_2		core_combinational	agent_written
_4285_	a21oi_2		core_combinational	agent_written
_4286_	a211oi_2		core_combinational	agent_written
_4287_	a21o_2		core_combinational	agent_written
_4288_	and3_2		core_combinational	agent_written
_4289_	and3b_2		core_combinational	agent_written
_4290_	a21oi_2		core_combinational	agent_written
_4291_	o21a_2		core_combinational	agent_written
_4292_	a21o_2		core_combinational	agent_written
_4293_	and3_2		core_combinational	agent_written
_4294_	and3b_2		core_combinational	agent_written
_4295_	a21oi_2		core_combinational	agent_written
_4296_	o21a_2		core_combinational	agent_written
_4297_	buf_1		core_combinational	agent_written
_4298_	buf_1		core_combinational	agent_written
_4299_	buf_1		core_combinational	agent_written
_4300_	buf_1		core_combinational	agent_written
_4301_	buf_1		core_combinational	agent_written
_4302_	buf_1		core_combinational	agent_written
_4303_	dfxtp_2		core_sequential	agent_written
_4304_	dfxtp_2		core_sequential	agent_written
_4305_	dfxtp_2		core_sequential	agent_written
_4306_	dfxtp_2		core_sequential	agent_written
_4307_	dfxtp_2		core_sequential	agent_written
_4308_	dfxtp_2		core_sequential	agent_written
_4309_	dfxtp_2		core_sequential	agent_written
_4310_	dfxtp_2		core_sequential	agent_written
_4311_	dfxtp_2		core_sequential	agent_written
_4312_	dfxtp_2		core_sequential	agent_written
_4313_	dfxtp_2		core_sequential	agent_written
_4314_	dfxtp_2		core_sequential	agent_written
_4315_	dfxtp_2		core_sequential	agent_written
_4316_	dfxtp_2		core_sequential	agent_written
_4317_	dfxtp_2		core_sequential	agent_written
_4318_	dfxtp_2		core_sequential	agent_written
_4319_	dfxtp_2		core_sequential	agent_written
_4320_	dfxtp_2		core_sequential	agent_written
_4321_	dfxtp_2		core_sequential	agent_written
_4322_	dfxtp_2		core_sequential	agent_written
_4323_	dfxtp_2		core_sequential	agent_written
_4324_	dfxtp_2		core_sequential	agent_written
_4325_	dfxtp_2		core_sequential	agent_written
_4326_	dfxtp_2		core_sequential	agent_written
_4327_	dfxtp_2		core_sequential	agent_written
_4328_	dfxtp_2		core_sequential	agent_written
_4329_	dfxtp_2		core_sequential	agent_written
_4330_	dfxtp_2		core_sequential	agent_written
_4331_	dfxtp_2		core_sequential	agent_written
_4332_	dfxtp_2		core_sequential	agent_written
_4333_	dfxtp_2		core_sequential	agent_written
_4334_	dfxtp_2		core_sequential	agent_written
_4335_	dfxtp_2		core_sequential	agent_written
_4336_	dfxtp_2		core_sequential	agent_written
_4337_	dfxtp_2		core_sequential	agent_written
_4338_	dfxtp_2		core_sequential	agent_written
_4339_	dfxtp_2		core_sequential	agent_written
_4340_	dfxtp_2		core_sequential	agent_written
_4341_	dfxtp_2		core_sequential	agent_written
_4342_	dfxtp_2		core_sequential	agent_written
_4343_	dfxtp_2		core_sequential	agent_written
_4344_	dfxtp_2		core_sequential	agent_written
_4345_	dfxtp_2		core_sequential	agent_written
_4346_	dfxtp_2		core_sequential	agent_written
_4347_	dfxtp_2		core_sequential	agent_written
_4348_	dfxtp_2		core_sequential	agent_written
_4349_	dfxtp_2		core_sequential	agent_written
_4350_	dfxtp_2		core_sequential	agent_written
_4351_	dfxtp_2		core_sequential	agent_written
_4352_	dfxtp_2		core_sequential	agent_written
_4353_	dfxtp_2		core_sequential	agent_written
_4354_	dfxtp_2		core_sequential	agent_written
_4355_	dfxtp_2		core_sequential	agent_written
_4356_	dfxtp_2		core_sequential	agent_written
_4357_	dfxtp_2		core_sequential	agent_written
_4358_	dfxtp_2		core_sequential	agent_written
_4359_	dfxtp_2		core_sequential	agent_written
_4360_	dfxtp_2		core_sequential	agent_written
_4361_	dfxtp_2		core_sequential	agent_written
_4362_	dfxtp_2		core_sequential	agent_written
_4363_	dfxtp_2		core_sequential	agent_written
_4364_	dfxtp_2		core_sequential	agent_written
_4365_	dfxtp_2		core_sequential	agent_written
_4366_	dfxtp_2		core_sequential	agent_written
_4367_	dfxtp_2		core_sequential	agent_written
_4368_	dfxtp_2		core_sequential	agent_written
_4369_	dfxtp_2		core_sequential	agent_written
_4370_	dfxtp_2		core_sequential	agent_written
_4371_	dfxtp_2		core_sequential	agent_written
_4372_	dfxtp_2		core_sequential	agent_written
_4373_	dfxtp_2		core_sequential	agent_written
_4374_	dfxtp_2		core_sequential	agent_written
_4375_	dfxtp_2		core_sequential	agent_written
_4376_	dfxtp_2		core_sequential	agent_written
_4377_	dfxtp_2		core_sequential	agent_written
_4378_	dfxtp_2		core_sequential	agent_written
_4379_	dfxtp_2		core_sequential	agent_written
_4380_	dfxtp_2		core_sequential	agent_written
_4381_	dfxtp_2		core_sequential	agent_written
_4382_	dfxtp_2		core_sequential	agent_written
_4383_	dfxtp_2		core_sequential	agent_written
_4384_	dfxtp_2		core_sequential	agent_written
_4385_	dfxtp_2		core_sequential	agent_written
_4386_	dfxtp_2		core_sequential	agent_written
_4387_	dfxtp_2		core_sequential	agent_written
_4388_	dfxtp_2		core_sequential	agent_written
_4389_	dfxtp_2		core_sequential	agent_written
_4390_	dfxtp_2		core_sequential	agent_written
_4391_	dfxtp_2		core_sequential	agent_written
_4392_	dfxtp_2		core_sequential	agent_written
_4393_	dfxtp_2		core_sequential	agent_written
_4394_	dfxtp_2		core_sequential	agent_written
_4395_	dfxtp_2		core_sequential	agent_written
_4396_	dfxtp_2		core_sequential	agent_written
_4397_	dfxtp_2		core_sequential	agent_written
_4398_	dfxtp_2		core_sequential	agent_written
_4399_	dfxtp_2		core_sequential	agent_written
_4400_	dfxtp_2		core_sequential	agent_written
_4401_	dfxtp_2		core_sequential	agent_written
_4402_	dfxtp_2		core_sequential	agent_written
_4403_	dfxtp_2		core_sequential	agent_written
_4404_	dfxtp_2		core_sequential	agent_written
_4405_	dfxtp_2		core_sequential	agent_written
_4406_	dfxtp_2		core_sequential	agent_written
_4407_	dfxtp_2		core_sequential	agent_written
_4408_	dfxtp_2		core_sequential	agent_written
_4409_	dfxtp_2		core_sequential	agent_written
_4410_	dfxtp_2		core_sequential	agent_written
_4411_	dfxtp_2		core_sequential	agent_written
_4412_	dfxtp_2		core_sequential	agent_written
_4413_	dfxtp_2		core_sequential	agent_written
_4414_	dfxtp_2		core_sequential	agent_written
_4415_	dfxtp_2		core_sequential	agent_written
_4416_	dfxtp_2		core_sequential	agent_written
_4417_	dfxtp_2		core_sequential	agent_written
_4418_	dfxtp_2		core_sequential	agent_written
_4419_	dfxtp_2		core_sequential	agent_written
_4420_	dfxtp_2		core_sequential	agent_written
_4421_	dfxtp_2		core_sequential	agent_written
_4422_	dfxtp_2		core_sequential	agent_written
_4423_	dfxtp_2		core_sequential	agent_written
_4424_	dfxtp_2		core_sequential	agent_written
_4425_	dfxtp_2		core_sequential	agent_written
_4426_	dfxtp_2		core_sequential	agent_written
_4427_	dfxtp_2		core_sequential	agent_written
_4428_	dfxtp_2		core_sequential	agent_written
_4429_	dfxtp_2		core_sequential	agent_written
_4430_	dfxtp_2		core_sequential	agent_written
_4431_	dfxtp_2		core_sequential	agent_written
_4432_	dfxtp_2		core_sequential	agent_written
_4433_	dfxtp_2		core_sequential	agent_written
_4434_	dfxtp_2		core_sequential	agent_written
_4435_	dfxtp_2		core_sequential	agent_written
_4436_	dfxtp_2		core_sequential	agent_written
_4437_	dfxtp_2		core_sequential	agent_written
_4438_	dfxtp_2		core_sequential	agent_written
_4439_	dfxtp_2		core_sequential	agent_written
_4440_	dfxtp_2		core_sequential	agent_written
_4441_	dfxtp_2		core_sequential	agent_written
_4442_	dfxtp_2		core_sequential	agent_written
_4443_	dfxtp_2		core_sequential	agent_written
_4444_	dfxtp_2		core_sequential	agent_written
_4445_	dfxtp_2		core_sequential	agent_written
_4446_	dfxtp_2		core_sequential	agent_written
_4447_	dfxtp_2		core_sequential	agent_written
_4448_	dfxtp_2		core_sequential	agent_written
_4449_	dfxtp_2		core_sequential	agent_written
_4450_	dfxtp_2		core_sequential	agent_written
_4451_	dfxtp_2		core_sequential	agent_written
_4452_	dfxtp_2		core_sequential	agent_written
_4453_	dfxtp_2		core_sequential	agent_written
_4454_	dfxtp_2		core_sequential	agent_written
_4455_	dfxtp_2		core_sequential	agent_written
_4456_	dfxtp_2		core_sequential	agent_written
_4457_	dfxtp_2		core_sequential	agent_written
_4458_	dfxtp_2		core_sequential	agent_written
_4459_	dfxtp_2		core_sequential	agent_written
_4460_	dfxtp_2		core_sequential	agent_written
_4461_	dfxtp_2		core_sequential	agent_written
_4462_	dfxtp_2		core_sequential	agent_written
_4463_	dfxtp_2		core_sequential	agent_written
_4464_	dfxtp_2		core_sequential	agent_written
_4465_	dfxtp_2		core_sequential	agent_written
_4466_	dfxtp_2		core_sequential	agent_written
_4467_	dfxtp_2		core_sequential	agent_written
_4468_	dfxtp_2		core_sequential	agent_written
_4469_	dfxtp_2		core_sequential	agent_written
_4470_	dfxtp_2		core_sequential	agent_written
_4471_	dfxtp_2		core_sequential	agent_written
_4472_	dfxtp_2		core_sequential	agent_written
_4473_	dfxtp_2		core_sequential	agent_written
_4474_	dfxtp_2		core_sequential	agent_written
_4475_	dfxtp_2		core_sequential	agent_written
_4476_	dfxtp_2		core_sequential	agent_written
_4477_	dfxtp_2		core_sequential	agent_written
_4478_	dfxtp_2		core_sequential	agent_written
_4479_	dfxtp_2		core_sequential	agent_written
_4480_	dfxtp_2		core_sequential	agent_written
_4481_	dfxtp_2		core_sequential	agent_written
_4482_	dfxtp_2		core_sequential	agent_written
_4483_	dfxtp_2		core_sequential	agent_written
_4484_	dfxtp_2		core_sequential	agent_written
_4485_	dfxtp_2		core_sequential	agent_written
_4486_	dfxtp_2		core_sequential	agent_written
_4487_	dfxtp_2		core_sequential	agent_written
_4488_	dfxtp_2		core_sequential	agent_written
_4489_	dfxtp_2		core_sequential	agent_written
_4490_	dfxtp_2		core_sequential	agent_written
_4491_	dfxtp_2		core_sequential	agent_written
_4492_	dfxtp_2		core_sequential	agent_written
_4493_	dfxtp_2		core_sequential	agent_written
_4494_	dfxtp_2		core_sequential	agent_written
_4495_	dfxtp_2		core_sequential	agent_written
_4496_	dfxtp_2		core_sequential	agent_written
_4497_	dfxtp_2		core_sequential	agent_written
_4498_	dfxtp_2		core_sequential	agent_written
_4499_	dfxtp_2		core_sequential	agent_written
_4500_	dfxtp_2		core_sequential	agent_written
_4501_	dfxtp_2		core_sequential	agent_written
_4502_	dfxtp_2		core_sequential	agent_written
_4503_	dfxtp_2		core_sequential	agent_written
_4504_	dfxtp_2		core_sequential	agent_written
_4505_	dfxtp_2		core_sequential	agent_written
_4506_	dfxtp_2		core_sequential	agent_written
_4507_	dfxtp_2		core_sequential	agent_written
_4508_	dfxtp_2		core_sequential	agent_written
_4509_	dfxtp_2		core_sequential	agent_written
_4510_	dfxtp_2		core_sequential	agent_written
_4511_	dfxtp_2		core_sequential	agent_written
_4512_	dfxtp_2		core_sequential	agent_written
_4513_	dfxtp_2		core_sequential	agent_written
_4514_	dfxtp_2		core_sequential	agent_written
_4515_	dfxtp_2		core_sequential	agent_written
_4516_	dfxtp_2		core_sequential	agent_written
_4517_	dfxtp_2		core_sequential	agent_written
_4518_	dfxtp_2		core_sequential	agent_written
_4519_	dfxtp_2		core_sequential	agent_written
_4520_	dfxtp_2		core_sequential	agent_written
_4521_	dfxtp_2		core_sequential	agent_written
_4522_	dfxtp_2		core_sequential	agent_written
_4523_	dfxtp_2		core_sequential	agent_written
_4524_	dfxtp_2		core_sequential	agent_written
_4525_	dfxtp_2		core_sequential	agent_written
_4526_	dfxtp_2		core_sequential	agent_written
_4527_	dfxtp_2		core_sequential	agent_written
_4528_	dfxtp_2		core_sequential	agent_written
_4529_	dfxtp_2		core_sequential	agent_written
_4530_	dfxtp_2		core_sequential	agent_written
_4531_	dfxtp_2		core_sequential	agent_written
_4532_	dfxtp_2		core_sequential	agent_written
_4533_	dfxtp_2		core_sequential	agent_written
_4534_	dfxtp_2		core_sequential	agent_written
_4535_	dfxtp_2		core_sequential	agent_written
_4536_	dfxtp_2		core_sequential	agent_written
_4537_	dfxtp_2		core_sequential	agent_written
_4538_	dfxtp_2		core_sequential	agent_written
_4539_	dfxtp_2		core_sequential	agent_written
_4540_	dfxtp_2		core_sequential	agent_written
_4541_	dfxtp_2		core_sequential	agent_written
_4542_	dfxtp_2		core_sequential	agent_written
_4543_	dfxtp_2		core_sequential	agent_written
_4544_	dfxtp_2		core_sequential	agent_written
_4545_	dfxtp_2		core_sequential	agent_written
_4546_	dfxtp_2		core_sequential	agent_written
_4547_	dfxtp_2		core_sequential	agent_written
_4548_	dfxtp_2		core_sequential	agent_written
_4549_	dfxtp_2		core_sequential	agent_written
_4550_	dfxtp_2		core_sequential	agent_written
_4551_	dfxtp_2		core_sequential	agent_written
_4552_	dfxtp_2		core_sequential	agent_written
_4553_	dfxtp_2		core_sequential	agent_written
_4554_	dfxtp_2		core_sequential	agent_written
_4555_	dfxtp_2		core_sequential	agent_written
_4556_	dfxtp_2		core_sequential	agent_written
_4557_	dfxtp_2		core_sequential	agent_written
_4558_	dfxtp_2		core_sequential	agent_written
_4559_	dfxtp_2		core_sequential	agent_written
_4560_	dfxtp_2		core_sequential	agent_written
_4561_	dfxtp_2		core_sequential	agent_written
_4562_	dfxtp_2		core_sequential	agent_written
_4563_	dfxtp_2		core_sequential	agent_written
_4564_	dfxtp_2		core_sequential	agent_written
_4565_	dfxtp_2		core_sequential	agent_written
_4566_	dfxtp_2		core_sequential	agent_written
_4567_	dfxtp_2		core_sequential	agent_written
_4568_	dfxtp_2		core_sequential	agent_written
_4569_	dfxtp_2		core_sequential	agent_written
_4570_	dfxtp_2		core_sequential	agent_written
_4571_	dfxtp_2		core_sequential	agent_written
_4572_	dfxtp_2		core_sequential	agent_written
_4573_	dfxtp_2		core_sequential	agent_written
_4574_	dfxtp_2		core_sequential	agent_written
_4575_	dfxtp_2		core_sequential	agent_written
_4576_	dfxtp_2		core_sequential	agent_written
_4577_	dfxtp_2		core_sequential	agent_written
_4578_	dfxtp_2		core_sequential	agent_written
_4579_	dfxtp_2		core_sequential	agent_written
_4580_	dfxtp_2		core_sequential	agent_written
_4581_	dfxtp_2		core_sequential	agent_written
_4582_	dfxtp_2		core_sequential	agent_written
_4583_	dfxtp_2		core_sequential	agent_written
_4584_	dfxtp_2		core_sequential	agent_written
_4585_	dfxtp_2		core_sequential	agent_written
_4586_	dfxtp_2		core_sequential	agent_written
_4587_	dfxtp_2		core_sequential	agent_written
_4588_	dfxtp_2		core_sequential	agent_written
_4589_	dfxtp_2		core_sequential	agent_written
_4590_	dfxtp_2		core_sequential	agent_written
_4591_	dfxtp_2		core_sequential	agent_written
_4592_	dfxtp_2		core_sequential	agent_written
_4593_	dfxtp_2		core_sequential	agent_written
_4594_	dfxtp_2		core_sequential	agent_written
_4595_	dfxtp_2		core_sequential	agent_written
_4596_	dfxtp_2		core_sequential	agent_written
_4597_	dfxtp_2		core_sequential	agent_written
_4598_	dfxtp_2		core_sequential	agent_written
_4599_	dfxtp_2		core_sequential	agent_written
_4600_	dfxtp_2		core_sequential	agent_written
_4601_	dfxtp_2		core_sequential	agent_written
_4602_	dfxtp_2		core_sequential	agent_written
_4603_	dfxtp_2		core_sequential	agent_written
_4604_	dfxtp_2		core_sequential	agent_written
_4605_	dfxtp_2		core_sequential	agent_written
_4606_	dfxtp_2		core_sequential	agent_written
_4607_	dfxtp_2		core_sequential	agent_written
_4608_	dfxtp_2		core_sequential	agent_written
_4609_	dfxtp_2		core_sequential	agent_written
_4610_	dfxtp_2		core_sequential	agent_written
_4611_	dfxtp_2		core_sequential	agent_written
_4612_	dfxtp_2		core_sequential	agent_written
_4613_	dfxtp_2		core_sequential	agent_written
_4614_	dfxtp_2		core_sequential	agent_written
_4615_	dfxtp_2		core_sequential	agent_written
_4616_	dfxtp_2		core_sequential	agent_written
_4617_	dfxtp_2		core_sequential	agent_written
_4618_	dfxtp_2		core_sequential	agent_written
_4619_	dfxtp_2		core_sequential	agent_written
_4620_	dfxtp_2		core_sequential	agent_written
_4621_	dfxtp_2		core_sequential	agent_written
_4622_	dfxtp_2		core_sequential	agent_written
_4623_	dfxtp_2		core_sequential	agent_written
_4624_	dfxtp_2		core_sequential	agent_written
_4625_	dfxtp_2		core_sequential	agent_written
_4626_	dfxtp_2		core_sequential	agent_written
_4627_	dfxtp_2		core_sequential	agent_written
_4628_	dfxtp_2		core_sequential	agent_written
_4629_	dfxtp_2		core_sequential	agent_written
_4630_	dfxtp_2		core_sequential	agent_written
_4631_	dfxtp_2		core_sequential	agent_written
_4632_	dfxtp_2		core_sequential	agent_written
_4633_	dfxtp_2		core_sequential	agent_written
_4634_	dfxtp_2		core_sequential	agent_written
_4635_	dfxtp_2		core_sequential	agent_written
_4636_	dfxtp_2		core_sequential	agent_written
_4637_	dfxtp_2		core_sequential	agent_written
_4638_	dfxtp_2		core_sequential	agent_written
_4639_	dfxtp_2		core_sequential	agent_written
_4640_	dfxtp_2		core_sequential	agent_written
_4641_	dfxtp_2		core_sequential	agent_written
_4642_	dfxtp_2		core_sequential	agent_written
_4643_	dfxtp_2		core_sequential	agent_written
_4644_	dfxtp_2		core_sequential	agent_written
_4645_	dfxtp_2		core_sequential	agent_written
_4646_	dfxtp_2		core_sequential	agent_written
_4647_	dfxtp_2		core_sequential	agent_written
_4648_	dfxtp_2		core_sequential	agent_written
_4649_	dfxtp_2		core_sequential	agent_written
_4650_	dfxtp_2		core_sequential	agent_written
_4651_	dfxtp_2		core_sequential	agent_written
_4652_	dfxtp_2		core_sequential	agent_written
_4653_	dfxtp_2		core_sequential	agent_written
_4654_	dfxtp_2		core_sequential	agent_written
_4655_	dfxtp_2		core_sequential	agent_written
_4656_	dfxtp_2		core_sequential	agent_written
_4657_	dfxtp_2		core_sequential	agent_written
_4658_	dfxtp_2		core_sequential	agent_written
_4659_	dfxtp_2		core_sequential	agent_written
_4660_	dfxtp_2		core_sequential	agent_written
_4661_	dfxtp_2		core_sequential	agent_written
_4662_	dfxtp_2		core_sequential	agent_written
_4663_	dfxtp_2		core_sequential	agent_written
_4664_	dfxtp_2		core_sequential	agent_written
_4665_	dfxtp_2		core_sequential	agent_written
_4666_	dfxtp_2		core_sequential	agent_written
_4667_	dfxtp_2		core_sequential	agent_written
_4668_	dfxtp_2		core_sequential	agent_written
_4669_	dfxtp_2		core_sequential	agent_written
_4670_	dfxtp_2		core_sequential	agent_written
_4671_	dfxtp_2		core_sequential	agent_written
_4672_	dfxtp_2		core_sequential	agent_written
_4673_	dfxtp_2		core_sequential	agent_written
_4674_	dfxtp_2		core_sequential	agent_written
_4675_	dfxtp_2		core_sequential	agent_written
_4676_	dfxtp_2		core_sequential	agent_written
_4677_	dfxtp_2		core_sequential	agent_written
_4678_	dfxtp_2		core_sequential	agent_written
_4679_	dfxtp_2		core_sequential	agent_written
_4680_	dfxtp_2		core_sequential	agent_written
_4681_	dfxtp_2		core_sequential	agent_written
_4682_	dfxtp_2		core_sequential	agent_written
_4683_	dfxtp_2		core_sequential	agent_written
_4684_	dfxtp_2		core_sequential	agent_written
_4685_	dfxtp_2		core_sequential	agent_written
_4686_	dfxtp_2		core_sequential	agent_written
_4687_	dfxtp_2		core_sequential	agent_written
_4688_	dfxtp_2		core_sequential	agent_written
_4689_	dfxtp_2		core_sequential	agent_written
_4690_	dfxtp_2		core_sequential	agent_written
_4691_	dfxtp_2		core_sequential	agent_written
_4692_	dfxtp_2		core_sequential	agent_written
_4693_	dfxtp_2		core_sequential	agent_written
_4694_	dfxtp_2		core_sequential	agent_written
_4695_	dfxtp_2		core_sequential	agent_written
_4696_	dfxtp_2		core_sequential	agent_written
_4697_	dfxtp_2		core_sequential	agent_written
_4698_	dfxtp_2		core_sequential	agent_written
_4699_	dfxtp_2		core_sequential	agent_written
_4700_	dfxtp_2		core_sequential	agent_written
_4701_	dfxtp_2		core_sequential	agent_written
_4702_	dfxtp_2		core_sequential	agent_written
_4703_	dfxtp_2		core_sequential	agent_written
_4704_	dfxtp_2		core_sequential	agent_written
_4705_	dfxtp_2		core_sequential	agent_written
_4706_	dfxtp_2		core_sequential	agent_written
_4707_	dfxtp_2		core_sequential	agent_written
_4708_	dfxtp_2		core_sequential	agent_written
_4709_	dfxtp_2		core_sequential	agent_written
_4710_	dfxtp_2		core_sequential	agent_written
_4711_	dfxtp_2		core_sequential	agent_written
_4712_	dfxtp_2		core_sequential	agent_written
_4713_	dfxtp_2		core_sequential	agent_written
_4714_	dfxtp_2		core_sequential	agent_written
_4715_	dfxtp_2		core_sequential	agent_written
_4716_	dfxtp_2		core_sequential	agent_written
_4717_	dfxtp_2		core_sequential	agent_written
_4718_	dfxtp_2		core_sequential	agent_written
_4719_	dfxtp_2		core_sequential	agent_written
_4720_	dfxtp_2		core_sequential	agent_written
_4721_	dfxtp_2		core_sequential	agent_written
_4722_	dfxtp_2		core_sequential	agent_written
_4723_	dfxtp_2		core_sequential	agent_written
_4724_	dfxtp_2		core_sequential	agent_written
_4725_	dfxtp_2		core_sequential	agent_written
_4726_	dfxtp_2		core_sequential	agent_written
_4727_	dfxtp_2		core_sequential	agent_written
_4728_	dfxtp_2		core_sequential	agent_written
_4729_	dfxtp_2		core_sequential	agent_written
_4730_	dfxtp_2		core_sequential	agent_written
_4731_	dfxtp_2		core_sequential	agent_written
_4732_	dfxtp_2		core_sequential	agent_written
_4733_	dfxtp_2		core_sequential	agent_written
_4734_	dfxtp_2		core_sequential	agent_written
_4735_	dfxtp_2		core_sequential	agent_written
_4736_	dfxtp_2		core_sequential	agent_written
_4737_	dfxtp_2		core_sequential	agent_written
_4738_	dfxtp_2		core_sequential	agent_written
_4739_	dfxtp_2		core_sequential	agent_written
_4740_	dfxtp_2		core_sequential	agent_written
_4741_	dfxtp_2		core_sequential	agent_written
_4742_	dfxtp_2		core_sequential	agent_written
_4743_	dfxtp_2		core_sequential	agent_written
_4744_	dfxtp_2		core_sequential	agent_written
_4745_	dfxtp_2		core_sequential	agent_written
_4746_	dfxtp_2		core_sequential	agent_written
_4747_	dfxtp_2		core_sequential	agent_written
_4748_	dfxtp_2		core_sequential	agent_written
_4749_	dfxtp_2		core_sequential	agent_written
_4750_	dfxtp_2		core_sequential	agent_written
_4751_	dfxtp_2		core_sequential	agent_written
_4752_	dfxtp_2		core_sequential	agent_written
_4753_	dfxtp_2		core_sequential	agent_written
_4754_	dfxtp_2		core_sequential	agent_written
_4755_	dfxtp_2		core_sequential	agent_written
_4756_	dfxtp_2		core_sequential	agent_written
_4757_	dfxtp_2		core_sequential	agent_written
_4758_	dfxtp_2		core_sequential	agent_written
_4759_	dfxtp_2		core_sequential	agent_written
_4760_	dfxtp_2		core_sequential	agent_written
_4761_	dfxtp_2		core_sequential	agent_written
_4762_	dfxtp_2		core_sequential	agent_written
_4763_	dfxtp_2		core_sequential	agent_written
_4764_	dfxtp_2		core_sequential	agent_written
_4765_	dfxtp_2		core_sequential	agent_written
_4766_	dfxtp_2		core_sequential	agent_written
_4767_	dfxtp_2		core_sequential	agent_written
_4768_	dfxtp_2		core_sequential	agent_written
_4769_	dfxtp_2		core_sequential	agent_written
_4770_	dfxtp_2		core_sequential	agent_written
_4771_	dfxtp_2		core_sequential	agent_written
_4772_	dfxtp_2		core_sequential	agent_written
_4773_	dfxtp_2		core_sequential	agent_written
_4774_	dfxtp_2		core_sequential	agent_written
_4775_	dfxtp_2		core_sequential	agent_written
_4776_	dfxtp_2		core_sequential	agent_written
_4777_	dfxtp_2		core_sequential	agent_written
_4778_	dfxtp_2		core_sequential	agent_written
_4779_	dfxtp_2		core_sequential	agent_written
_4780_	dfxtp_2		core_sequential	agent_written
_4781_	dfxtp_2		core_sequential	agent_written
_4782_	dfxtp_2		core_sequential	agent_written
_4783_	dfxtp_2		core_sequential	agent_written
_4784_	dfxtp_2		core_sequential	agent_written
_4785_	dfxtp_2		core_sequential	agent_written
_4786_	dfxtp_2		core_sequential	agent_written
_4787_	dfxtp_2		core_sequential	agent_written
_4788_	dfxtp_2		core_sequential	agent_written
_4789_	dfxtp_2		core_sequential	agent_written
_4790_	dfxtp_2		core_sequential	agent_written
_4791_	dfxtp_2		core_sequential	agent_written
_4792_	dfxtp_2		core_sequential	agent_written
_4793_	dfxtp_2		core_sequential	agent_written
_4794_	dfxtp_2		core_sequential	agent_written
_4795_	dfxtp_2		core_sequential	agent_written
_4796_	dfxtp_2		core_sequential	agent_written
_4797_	dfxtp_2		core_sequential	agent_written
_4798_	dfxtp_2		core_sequential	agent_written
_4799_	dfxtp_2		core_sequential	agent_written
_4800_	dfxtp_2		core_sequential	agent_written
_4801_	dfxtp_2		core_sequential	agent_written
_4802_	dfxtp_2		core_sequential	agent_written
_4803_	dfxtp_2		core_sequential	agent_written
_4804_	dfxtp_2		core_sequential	agent_written
_4805_	dfxtp_2		core_sequential	agent_written
_4806_	dfxtp_2		core_sequential	agent_written
_4807_	dfxtp_2		core_sequential	agent_written
_4808_	dfxtp_2		core_sequential	agent_written
_4809_	dfxtp_2		core_sequential	agent_written
_4810_	dfxtp_2		core_sequential	agent_written
_4811_	dfxtp_2		core_sequential	agent_written
_4812_	dfxtp_2		core_sequential	agent_written
_4813_	dfxtp_2		core_sequential	agent_written
_4814_	dfxtp_2		core_sequential	agent_written
_4815_	dfxtp_2		core_sequential	agent_written
_4816_	dfxtp_2		core_sequential	agent_written
_4817_	dfxtp_2		core_sequential	agent_written
_4818_	dfxtp_2		core_sequential	agent_written
_4819_	dfxtp_2		core_sequential	agent_written
_4820_	dfxtp_2		core_sequential	agent_written
_4821_	dfxtp_2		core_sequential	agent_written
_4822_	dfxtp_2		core_sequential	agent_written
_4823_	dfxtp_2		core_sequential	agent_written
_4824_	dfxtp_2		core_sequential	agent_written
_4825_	dfxtp_2		core_sequential	agent_written
_4826_	dfxtp_2		core_sequential	agent_written
_4827_	dfxtp_2		core_sequential	agent_written
_4828_	dfxtp_2		core_sequential	agent_written
_4829_	dfxtp_2		core_sequential	agent_written
_4830_	dfxtp_2		core_sequential	agent_written
_4831_	dfxtp_2		core_sequential	agent_written
_4832_	dfxtp_2		core_sequential	agent_written
_4833_	dfxtp_2		core_sequential	agent_written
_4834_	dfxtp_2		core_sequential	agent_written
_4835_	dfxtp_2		core_sequential	agent_written
_4836_	dfxtp_2		core_sequential	agent_written
_4837_	dfxtp_2		core_sequential	agent_written
_4838_	dfxtp_2		core_sequential	agent_written
_4839_	dfxtp_2		core_sequential	agent_written
_4840_	dfxtp_2		core_sequential	agent_written
_4841_	dfxtp_2		core_sequential	agent_written
_4842_	dfxtp_2		core_sequential	agent_written
_4843_	dfxtp_2		core_sequential	agent_written
_4844_	dfxtp_2		core_sequential	agent_written
_4845_	dfxtp_2		core_sequential	agent_written
_4846_	dfxtp_2		core_sequential	agent_written
_4847_	dfxtp_2		core_sequential	agent_written
_4848_	dfxtp_2		core_sequential	agent_written
_4849_	dfxtp_2		core_sequential	agent_written
_4850_	dfxtp_2		core_sequential	agent_written
_4851_	dfxtp_2		core_sequential	agent_written
_4852_	dfxtp_2		core_sequential	agent_written
_4853_	dfxtp_2		core_sequential	agent_written
_4854_	dfxtp_2		core_sequential	agent_written
_4855_	dfxtp_2		core_sequential	agent_written
_4856_	dfxtp_2		core_sequential	agent_written
_4857_	dfxtp_2		core_sequential	agent_written
_4858_	dfxtp_2		core_sequential	agent_written
_4859_	dfxtp_2		core_sequential	agent_written
_4860_	dfxtp_2		core_sequential	agent_written
_4861_	dfxtp_2		core_sequential	agent_written
_4862_	dfxtp_2		core_sequential	agent_written
_4863_	dfxtp_2		core_sequential	agent_written
_4864_	dfxtp_2		core_sequential	agent_written
_4865_	dfxtp_2		core_sequential	agent_written
_4866_	dfxtp_2		core_sequential	agent_written
_4867_	dfxtp_2		core_sequential	agent_written
_4868_	dfxtp_2		core_sequential	agent_written
_4869_	dfxtp_2		core_sequential	agent_written
_4870_	dfxtp_2		core_sequential	agent_written
_4871_	dfxtp_2		core_sequential	agent_written
_4872_	dfxtp_2		core_sequential	agent_written
_4873_	dfxtp_2		core_sequential	agent_written
_4874_	dfxtp_2		core_sequential	agent_written
_4875_	dfxtp_2		core_sequential	agent_written
_4876_	dfxtp_2		core_sequential	agent_written
_4877_	dfxtp_2		core_sequential	agent_written
_4878_	dfxtp_2		core_sequential	agent_written
_4879_	dfxtp_2		core_sequential	agent_written
_4880_	dfxtp_2		core_sequential	agent_written
_4881_	dfxtp_2		core_sequential	agent_written
_4882_	dfxtp_2		core_sequential	agent_written
_4883_	dfxtp_2		core_sequential	agent_written
_4884_	dfxtp_2		core_sequential	agent_written
_4885_	dfxtp_2		core_sequential	agent_written
_4886_	dfxtp_2		core_sequential	agent_written
_4887_	dfxtp_2		core_sequential	agent_written
_4888_	dfxtp_2		core_sequential	agent_written
_4889_	dfxtp_2		core_sequential	agent_written
_4890_	dfxtp_2		core_sequential	agent_written
_4891_	dfxtp_2		core_sequential	agent_written
_4892_	dfxtp_2		core_sequential	agent_written
_4893_	dfxtp_2		core_sequential	agent_written
_4894_	dfxtp_2		core_sequential	agent_written
_4895_	dfxtp_2		core_sequential	agent_written
_4896_	dfxtp_2		core_sequential	agent_written
_4897_	dfxtp_2		core_sequential	agent_written
_4898_	dfxtp_2		core_sequential	agent_written
_4899_	dfxtp_2		core_sequential	agent_written
_4900_	dfxtp_2		core_sequential	agent_written
_4901_	dfxtp_2		core_sequential	agent_written
_4902_	dfxtp_2		core_sequential	agent_written
_4903_	dfxtp_2		core_sequential	agent_written
_4904_	dfxtp_2		core_sequential	agent_written
_4905_	dfxtp_2		core_sequential	agent_written
_4906_	dfxtp_2		core_sequential	agent_written
_4907_	dfxtp_2		core_sequential	agent_written
_4908_	dfxtp_2		core_sequential	agent_written
_4909_	dfxtp_2		core_sequential	agent_written
_4910_	dfxtp_2		core_sequential	agent_written
_4911_	dfxtp_2		core_sequential	agent_written
_4912_	dfxtp_2		core_sequential	agent_written
_4913_	dfxtp_2		core_sequential	agent_written
_4914_	dfxtp_2		core_sequential	agent_written
_4915_	dfxtp_2		core_sequential	agent_written
_4916_	dfxtp_2		core_sequential	agent_written
_4930_	buf_2		core_combinational	agent_written
_4931_	buf_2		core_combinational	agent_written
_4932_	buf_2		core_combinational	agent_written
cell0.c32	and2_1	cell0	mac_island_cell0	kernel_emitted
cell0.c33	and2_1	cell0	mac_island_cell0	kernel_emitted
cell0.c34	and2_1	cell0	mac_island_cell0	kernel_emitted
cell0.c35	and2_1	cell0	mac_island_cell0	kernel_emitted
cell0.c36	and2_1	cell0	mac_island_cell0	kernel_emitted
cell0.c37	and2_1	cell0	mac_island_cell0	kernel_emitted
cell0.c38	and2_1	cell0	mac_island_cell0	kernel_emitted
cell0.c39	and2_1	cell0	mac_island_cell0	kernel_emitted
cell0.c40	and2_1	cell0	mac_island_cell0	kernel_emitted
cell0.c41	and2_1	cell0	mac_island_cell0	kernel_emitted
cell0.c42	and2_1	cell0	mac_island_cell0	kernel_emitted
cell0.c43	and2_1	cell0	mac_island_cell0	kernel_emitted
cell0.c44	and2_1	cell0	mac_island_cell0	kernel_emitted
cell0.c45	and2_1	cell0	mac_island_cell0	kernel_emitted
cell0.c46	and2_1	cell0	mac_island_cell0	kernel_emitted
cell0.c47	and2_1	cell0	mac_island_cell0	kernel_emitted
cell0.c48	and2_1	cell0	mac_island_cell0	kernel_emitted
cell0.c49	and2_1	cell0	mac_island_cell0	kernel_emitted
cell0.c50	and2_1	cell0	mac_island_cell0	kernel_emitted
cell0.c51	and2_1	cell0	mac_island_cell0	kernel_emitted
cell0.c52	and2_1	cell0	mac_island_cell0	kernel_emitted
cell0.c53	and2_1	cell0	mac_island_cell0	kernel_emitted
cell0.c54	and2_1	cell0	mac_island_cell0	kernel_emitted
cell0.c55	and2_1	cell0	mac_island_cell0	kernel_emitted
cell0.c56	and2_1	cell0	mac_island_cell0	kernel_emitted
cell0.c57	and2_1	cell0	mac_island_cell0	kernel_emitted
cell0.c58	and2_1	cell0	mac_island_cell0	kernel_emitted
cell0.c59	and2_1	cell0	mac_island_cell0	kernel_emitted
cell0.c60	and2_1	cell0	mac_island_cell0	kernel_emitted
cell0.c61	and2_1	cell0	mac_island_cell0	kernel_emitted
cell0.c62	and2_1	cell0	mac_island_cell0	kernel_emitted
cell0.c63	and2_1	cell0	mac_island_cell0	kernel_emitted
cell0.g100	xor2_1	cell0	mac_island_cell0	kernel_emitted
cell0.g101	xor2_1	cell0	mac_island_cell0	kernel_emitted
cell0.g102	xor2_1	cell0	mac_island_cell0	kernel_emitted
cell0.g103	xor2_1	cell0	mac_island_cell0	kernel_emitted
cell0.g104	xor2_1	cell0	mac_island_cell0	kernel_emitted
cell0.g105	xor2_1	cell0	mac_island_cell0	kernel_emitted
cell0.g106	xor2_1	cell0	mac_island_cell0	kernel_emitted
cell0.g107	xor2_1	cell0	mac_island_cell0	kernel_emitted
cell0.g108	xor2_1	cell0	mac_island_cell0	kernel_emitted
cell0.g109	xor2_1	cell0	mac_island_cell0	kernel_emitted
cell0.g110	xor2_1	cell0	mac_island_cell0	kernel_emitted
cell0.g111	xor2_1	cell0	mac_island_cell0	kernel_emitted
cell0.g112	xor2_1	cell0	mac_island_cell0	kernel_emitted
cell0.g113	xor2_1	cell0	mac_island_cell0	kernel_emitted
cell0.g114	xor2_1	cell0	mac_island_cell0	kernel_emitted
cell0.g115	xor2_1	cell0	mac_island_cell0	kernel_emitted
cell0.g116	xor2_1	cell0	mac_island_cell0	kernel_emitted
cell0.g117	xor2_1	cell0	mac_island_cell0	kernel_emitted
cell0.g118	xor2_1	cell0	mac_island_cell0	kernel_emitted
cell0.g119	xor2_1	cell0	mac_island_cell0	kernel_emitted
cell0.g120	xor2_1	cell0	mac_island_cell0	kernel_emitted
cell0.g121	xor2_1	cell0	mac_island_cell0	kernel_emitted
cell0.g122	xor2_1	cell0	mac_island_cell0	kernel_emitted
cell0.g123	xor2_1	cell0	mac_island_cell0	kernel_emitted
cell0.g124	xor2_1	cell0	mac_island_cell0	kernel_emitted
cell0.g125	xor2_1	cell0	mac_island_cell0	kernel_emitted
cell0.g126	xor2_1	cell0	mac_island_cell0	kernel_emitted
cell0.g127	xor2_1	cell0	mac_island_cell0	kernel_emitted
cell0.g128	xor2_1	cell0	mac_island_cell0	kernel_emitted
cell0.g129	xor2_1	cell0	mac_island_cell0	kernel_emitted
cell0.g130	xor2_1	cell0	mac_island_cell0	kernel_emitted
cell0.g131	xor2_1	cell0	mac_island_cell0	kernel_emitted
cell0.g132	xor2_1	cell0	mac_island_cell0	kernel_emitted
cell0.g133	xor2_1	cell0	mac_island_cell0	kernel_emitted
cell0.g134	and2_1	cell0	mac_island_cell0	kernel_emitted
cell0.g135	and2_1	cell0	mac_island_cell0	kernel_emitted
cell0.g136	or2_1	cell0	mac_island_cell0	kernel_emitted
cell0.g137	xor2_1	cell0	mac_island_cell0	kernel_emitted
cell0.g138	xor2_1	cell0	mac_island_cell0	kernel_emitted
cell0.g139	and2_1	cell0	mac_island_cell0	kernel_emitted
cell0.g140	and2_1	cell0	mac_island_cell0	kernel_emitted
cell0.g141	or2_1	cell0	mac_island_cell0	kernel_emitted
cell0.g142	xor2_1	cell0	mac_island_cell0	kernel_emitted
cell0.g143	xor2_1	cell0	mac_island_cell0	kernel_emitted
cell0.g144	and2_1	cell0	mac_island_cell0	kernel_emitted
cell0.g145	and2_1	cell0	mac_island_cell0	kernel_emitted
cell0.g146	or2_1	cell0	mac_island_cell0	kernel_emitted
cell0.g147	xor2_1	cell0	mac_island_cell0	kernel_emitted
cell0.g148	xor2_1	cell0	mac_island_cell0	kernel_emitted
cell0.g149	and2_1	cell0	mac_island_cell0	kernel_emitted
cell0.g150	and2_1	cell0	mac_island_cell0	kernel_emitted
cell0.g151	or2_1	cell0	mac_island_cell0	kernel_emitted
cell0.g152	xor2_1	cell0	mac_island_cell0	kernel_emitted
cell0.g153	xor2_1	cell0	mac_island_cell0	kernel_emitted
cell0.g154	and2_1	cell0	mac_island_cell0	kernel_emitted
cell0.g155	and2_1	cell0	mac_island_cell0	kernel_emitted
cell0.g156	or2_1	cell0	mac_island_cell0	kernel_emitted
cell0.g157	xor2_1	cell0	mac_island_cell0	kernel_emitted
cell0.g158	xor2_1	cell0	mac_island_cell0	kernel_emitted
cell0.g159	and2_1	cell0	mac_island_cell0	kernel_emitted
cell0.g160	and2_1	cell0	mac_island_cell0	kernel_emitted
cell0.g161	or2_1	cell0	mac_island_cell0	kernel_emitted
cell0.g162	xor2_1	cell0	mac_island_cell0	kernel_emitted
cell0.g163	xor2_1	cell0	mac_island_cell0	kernel_emitted
cell0.g164	and2_1	cell0	mac_island_cell0	kernel_emitted
cell0.g165	and2_1	cell0	mac_island_cell0	kernel_emitted
cell0.g166	or2_1	cell0	mac_island_cell0	kernel_emitted
cell0.g167	xor2_1	cell0	mac_island_cell0	kernel_emitted
cell0.g168	xor2_1	cell0	mac_island_cell0	kernel_emitted
cell0.g169	and2_1	cell0	mac_island_cell0	kernel_emitted
cell0.g170	and2_1	cell0	mac_island_cell0	kernel_emitted
cell0.g171	or2_1	cell0	mac_island_cell0	kernel_emitted
cell0.g172	xor2_1	cell0	mac_island_cell0	kernel_emitted
cell0.g173	xor2_1	cell0	mac_island_cell0	kernel_emitted
cell0.g174	and2_1	cell0	mac_island_cell0	kernel_emitted
cell0.g175	and2_1	cell0	mac_island_cell0	kernel_emitted
cell0.g176	or2_1	cell0	mac_island_cell0	kernel_emitted
cell0.g177	xor2_1	cell0	mac_island_cell0	kernel_emitted
cell0.g178	xor2_1	cell0	mac_island_cell0	kernel_emitted
cell0.g179	and2_1	cell0	mac_island_cell0	kernel_emitted
cell0.g180	and2_1	cell0	mac_island_cell0	kernel_emitted
cell0.g181	or2_1	cell0	mac_island_cell0	kernel_emitted
cell0.g182	xor2_1	cell0	mac_island_cell0	kernel_emitted
cell0.g183	xor2_1	cell0	mac_island_cell0	kernel_emitted
cell0.g184	and2_1	cell0	mac_island_cell0	kernel_emitted
cell0.g185	and2_1	cell0	mac_island_cell0	kernel_emitted
cell0.g186	or2_1	cell0	mac_island_cell0	kernel_emitted
cell0.g187	xor2_1	cell0	mac_island_cell0	kernel_emitted
cell0.g188	xor2_1	cell0	mac_island_cell0	kernel_emitted
cell0.g189	and2_1	cell0	mac_island_cell0	kernel_emitted
cell0.g190	and2_1	cell0	mac_island_cell0	kernel_emitted
cell0.g191	or2_1	cell0	mac_island_cell0	kernel_emitted
cell0.g192	xor2_1	cell0	mac_island_cell0	kernel_emitted
cell0.g193	xor2_1	cell0	mac_island_cell0	kernel_emitted
cell0.g194	and2_1	cell0	mac_island_cell0	kernel_emitted
cell0.g195	and2_1	cell0	mac_island_cell0	kernel_emitted
cell0.g196	or2_1	cell0	mac_island_cell0	kernel_emitted
cell0.g197	xor2_1	cell0	mac_island_cell0	kernel_emitted
cell0.g198	xor2_1	cell0	mac_island_cell0	kernel_emitted
cell0.g199	and2_1	cell0	mac_island_cell0	kernel_emitted
cell0.g200	and2_1	cell0	mac_island_cell0	kernel_emitted
cell0.g201	or2_1	cell0	mac_island_cell0	kernel_emitted
cell0.g202	xor2_1	cell0	mac_island_cell0	kernel_emitted
cell0.g203	xor2_1	cell0	mac_island_cell0	kernel_emitted
cell0.g204	and2_1	cell0	mac_island_cell0	kernel_emitted
cell0.g205	and2_1	cell0	mac_island_cell0	kernel_emitted
cell0.g206	or2_1	cell0	mac_island_cell0	kernel_emitted
cell0.g207	xor2_1	cell0	mac_island_cell0	kernel_emitted
cell0.g208	xor2_1	cell0	mac_island_cell0	kernel_emitted
cell0.g209	and2_1	cell0	mac_island_cell0	kernel_emitted
cell0.g210	and2_1	cell0	mac_island_cell0	kernel_emitted
cell0.g211	or2_1	cell0	mac_island_cell0	kernel_emitted
cell0.g212	xor2_1	cell0	mac_island_cell0	kernel_emitted
cell0.g213	xor2_1	cell0	mac_island_cell0	kernel_emitted
cell0.g214	and2_1	cell0	mac_island_cell0	kernel_emitted
cell0.g215	and2_1	cell0	mac_island_cell0	kernel_emitted
cell0.g216	or2_1	cell0	mac_island_cell0	kernel_emitted
cell0.g217	xor2_1	cell0	mac_island_cell0	kernel_emitted
cell0.g218	xor2_1	cell0	mac_island_cell0	kernel_emitted
cell0.g219	and2_1	cell0	mac_island_cell0	kernel_emitted
cell0.g220	and2_1	cell0	mac_island_cell0	kernel_emitted
cell0.g221	or2_1	cell0	mac_island_cell0	kernel_emitted
cell0.g222	xor2_1	cell0	mac_island_cell0	kernel_emitted
cell0.g223	xor2_1	cell0	mac_island_cell0	kernel_emitted
cell0.g224	and2_1	cell0	mac_island_cell0	kernel_emitted
cell0.g225	and2_1	cell0	mac_island_cell0	kernel_emitted
cell0.g226	or2_1	cell0	mac_island_cell0	kernel_emitted
cell0.g227	xor2_1	cell0	mac_island_cell0	kernel_emitted
cell0.g228	xor2_1	cell0	mac_island_cell0	kernel_emitted
cell0.g229	and2_1	cell0	mac_island_cell0	kernel_emitted
cell0.g230	and2_1	cell0	mac_island_cell0	kernel_emitted
cell0.g231	or2_1	cell0	mac_island_cell0	kernel_emitted
cell0.g232	xor2_1	cell0	mac_island_cell0	kernel_emitted
cell0.g233	xor2_1	cell0	mac_island_cell0	kernel_emitted
cell0.g234	and2_1	cell0	mac_island_cell0	kernel_emitted
cell0.g235	and2_1	cell0	mac_island_cell0	kernel_emitted
cell0.g236	or2_1	cell0	mac_island_cell0	kernel_emitted
cell0.g237	xor2_1	cell0	mac_island_cell0	kernel_emitted
cell0.g238	xor2_1	cell0	mac_island_cell0	kernel_emitted
cell0.g239	and2_1	cell0	mac_island_cell0	kernel_emitted
cell0.g240	and2_1	cell0	mac_island_cell0	kernel_emitted
cell0.g241	or2_1	cell0	mac_island_cell0	kernel_emitted
cell0.g242	xor2_1	cell0	mac_island_cell0	kernel_emitted
cell0.g243	xor2_1	cell0	mac_island_cell0	kernel_emitted
cell0.g244	and2_1	cell0	mac_island_cell0	kernel_emitted
cell0.g245	and2_1	cell0	mac_island_cell0	kernel_emitted
cell0.g246	or2_1	cell0	mac_island_cell0	kernel_emitted
cell0.g247	xor2_1	cell0	mac_island_cell0	kernel_emitted
cell0.g248	xor2_1	cell0	mac_island_cell0	kernel_emitted
cell0.g249	and2_1	cell0	mac_island_cell0	kernel_emitted
cell0.g250	and2_1	cell0	mac_island_cell0	kernel_emitted
cell0.g251	or2_1	cell0	mac_island_cell0	kernel_emitted
cell0.g252	xor2_1	cell0	mac_island_cell0	kernel_emitted
cell0.g253	xor2_1	cell0	mac_island_cell0	kernel_emitted
cell0.g254	and2_1	cell0	mac_island_cell0	kernel_emitted
cell0.g255	and2_1	cell0	mac_island_cell0	kernel_emitted
cell0.g256	or2_1	cell0	mac_island_cell0	kernel_emitted
cell0.g257	xor2_1	cell0	mac_island_cell0	kernel_emitted
cell0.g258	xor2_1	cell0	mac_island_cell0	kernel_emitted
cell0.g259	and2_1	cell0	mac_island_cell0	kernel_emitted
cell0.g260	and2_1	cell0	mac_island_cell0	kernel_emitted
cell0.g261	or2_1	cell0	mac_island_cell0	kernel_emitted
cell0.g262	xor2_1	cell0	mac_island_cell0	kernel_emitted
cell0.g263	xor2_1	cell0	mac_island_cell0	kernel_emitted
cell0.g264	and2_1	cell0	mac_island_cell0	kernel_emitted
cell0.g265	and2_1	cell0	mac_island_cell0	kernel_emitted
cell0.g266	or2_1	cell0	mac_island_cell0	kernel_emitted
cell0.g267	xor2_1	cell0	mac_island_cell0	kernel_emitted
cell0.g268	xor2_1	cell0	mac_island_cell0	kernel_emitted
cell0.g269	and2_1	cell0	mac_island_cell0	kernel_emitted
cell0.g270	and2_1	cell0	mac_island_cell0	kernel_emitted
cell0.g271	or2_1	cell0	mac_island_cell0	kernel_emitted
cell0.g272	xor2_1	cell0	mac_island_cell0	kernel_emitted
cell0.g273	xor2_1	cell0	mac_island_cell0	kernel_emitted
cell0.g274	and2_1	cell0	mac_island_cell0	kernel_emitted
cell0.g275	and2_1	cell0	mac_island_cell0	kernel_emitted
cell0.g276	or2_1	cell0	mac_island_cell0	kernel_emitted
cell0.g277	xor2_1	cell0	mac_island_cell0	kernel_emitted
cell0.g278	xor2_1	cell0	mac_island_cell0	kernel_emitted
cell0.g279	and2_1	cell0	mac_island_cell0	kernel_emitted
cell0.g280	and2_1	cell0	mac_island_cell0	kernel_emitted
cell0.g281	or2_1	cell0	mac_island_cell0	kernel_emitted
cell0.g282	xor2_1	cell0	mac_island_cell0	kernel_emitted
cell0.g283	xor2_1	cell0	mac_island_cell0	kernel_emitted
cell0.g284	and2_1	cell0	mac_island_cell0	kernel_emitted
cell0.g285	and2_1	cell0	mac_island_cell0	kernel_emitted
cell0.g286	or2_1	cell0	mac_island_cell0	kernel_emitted
cell0.g287	xor2_1	cell0	mac_island_cell0	kernel_emitted
cell0.g288	xor2_1	cell0	mac_island_cell0	kernel_emitted
cell0.g67	and2_1	cell0	mac_island_cell0	kernel_emitted
cell0.g68	and2_1	cell0	mac_island_cell0	kernel_emitted
cell0.g69	and2_1	cell0	mac_island_cell0	kernel_emitted
cell0.g70	and2_1	cell0	mac_island_cell0	kernel_emitted
cell0.g71	and2_1	cell0	mac_island_cell0	kernel_emitted
cell0.g72	and2_1	cell0	mac_island_cell0	kernel_emitted
cell0.g73	and2_1	cell0	mac_island_cell0	kernel_emitted
cell0.g74	and2_1	cell0	mac_island_cell0	kernel_emitted
cell0.g75	and2_1	cell0	mac_island_cell0	kernel_emitted
cell0.g76	and2_1	cell0	mac_island_cell0	kernel_emitted
cell0.g77	and2_1	cell0	mac_island_cell0	kernel_emitted
cell0.g78	and2_1	cell0	mac_island_cell0	kernel_emitted
cell0.g79	and2_1	cell0	mac_island_cell0	kernel_emitted
cell0.g80	and2_1	cell0	mac_island_cell0	kernel_emitted
cell0.g81	and2_1	cell0	mac_island_cell0	kernel_emitted
cell0.g82	and2_1	cell0	mac_island_cell0	kernel_emitted
cell0.g83	and2_1	cell0	mac_island_cell0	kernel_emitted
cell0.g84	and2_1	cell0	mac_island_cell0	kernel_emitted
cell0.g85	and2_1	cell0	mac_island_cell0	kernel_emitted
cell0.g86	and2_1	cell0	mac_island_cell0	kernel_emitted
cell0.g87	and2_1	cell0	mac_island_cell0	kernel_emitted
cell0.g88	and2_1	cell0	mac_island_cell0	kernel_emitted
cell0.g89	and2_1	cell0	mac_island_cell0	kernel_emitted
cell0.g90	and2_1	cell0	mac_island_cell0	kernel_emitted
cell0.g91	and2_1	cell0	mac_island_cell0	kernel_emitted
cell0.g92	and2_1	cell0	mac_island_cell0	kernel_emitted
cell0.g93	and2_1	cell0	mac_island_cell0	kernel_emitted
cell0.g94	and2_1	cell0	mac_island_cell0	kernel_emitted
cell0.g95	and2_1	cell0	mac_island_cell0	kernel_emitted
cell0.g96	and2_1	cell0	mac_island_cell0	kernel_emitted
cell0.g97	and2_1	cell0	mac_island_cell0	kernel_emitted
cell0.g98	and2_1	cell0	mac_island_cell0	kernel_emitted
cell0.g99	and2_1	cell0	mac_island_cell0	kernel_emitted
cell0.gnclr	inv_1	cell0	mac_island_cell0	kernel_emitted
cell0.m0	mux2_1	cell0	mac_island_cell0	kernel_emitted
cell0.m1	mux2_1	cell0	mac_island_cell0	kernel_emitted
cell0.m10	mux2_1	cell0	mac_island_cell0	kernel_emitted
cell0.m11	mux2_1	cell0	mac_island_cell0	kernel_emitted
cell0.m12	mux2_1	cell0	mac_island_cell0	kernel_emitted
cell0.m13	mux2_1	cell0	mac_island_cell0	kernel_emitted
cell0.m14	mux2_1	cell0	mac_island_cell0	kernel_emitted
cell0.m15	mux2_1	cell0	mac_island_cell0	kernel_emitted
cell0.m16	mux2_1	cell0	mac_island_cell0	kernel_emitted
cell0.m17	mux2_1	cell0	mac_island_cell0	kernel_emitted
cell0.m18	mux2_1	cell0	mac_island_cell0	kernel_emitted
cell0.m19	mux2_1	cell0	mac_island_cell0	kernel_emitted
cell0.m2	mux2_1	cell0	mac_island_cell0	kernel_emitted
cell0.m20	mux2_1	cell0	mac_island_cell0	kernel_emitted
cell0.m21	mux2_1	cell0	mac_island_cell0	kernel_emitted
cell0.m22	mux2_1	cell0	mac_island_cell0	kernel_emitted
cell0.m23	mux2_1	cell0	mac_island_cell0	kernel_emitted
cell0.m24	mux2_1	cell0	mac_island_cell0	kernel_emitted
cell0.m25	mux2_1	cell0	mac_island_cell0	kernel_emitted
cell0.m26	mux2_1	cell0	mac_island_cell0	kernel_emitted
cell0.m27	mux2_1	cell0	mac_island_cell0	kernel_emitted
cell0.m28	mux2_1	cell0	mac_island_cell0	kernel_emitted
cell0.m29	mux2_1	cell0	mac_island_cell0	kernel_emitted
cell0.m3	mux2_1	cell0	mac_island_cell0	kernel_emitted
cell0.m30	mux2_1	cell0	mac_island_cell0	kernel_emitted
cell0.m31	mux2_1	cell0	mac_island_cell0	kernel_emitted
cell0.m32	mux2_1	cell0	mac_island_cell0	kernel_emitted
cell0.m33	mux2_1	cell0	mac_island_cell0	kernel_emitted
cell0.m34	mux2_1	cell0	mac_island_cell0	kernel_emitted
cell0.m35	mux2_1	cell0	mac_island_cell0	kernel_emitted
cell0.m36	mux2_1	cell0	mac_island_cell0	kernel_emitted
cell0.m37	mux2_1	cell0	mac_island_cell0	kernel_emitted
cell0.m38	mux2_1	cell0	mac_island_cell0	kernel_emitted
cell0.m39	mux2_1	cell0	mac_island_cell0	kernel_emitted
cell0.m4	mux2_1	cell0	mac_island_cell0	kernel_emitted
cell0.m40	mux2_1	cell0	mac_island_cell0	kernel_emitted
cell0.m41	mux2_1	cell0	mac_island_cell0	kernel_emitted
cell0.m42	mux2_1	cell0	mac_island_cell0	kernel_emitted
cell0.m43	mux2_1	cell0	mac_island_cell0	kernel_emitted
cell0.m44	mux2_1	cell0	mac_island_cell0	kernel_emitted
cell0.m45	mux2_1	cell0	mac_island_cell0	kernel_emitted
cell0.m46	mux2_1	cell0	mac_island_cell0	kernel_emitted
cell0.m47	mux2_1	cell0	mac_island_cell0	kernel_emitted
cell0.m48	mux2_1	cell0	mac_island_cell0	kernel_emitted
cell0.m49	mux2_1	cell0	mac_island_cell0	kernel_emitted
cell0.m5	mux2_1	cell0	mac_island_cell0	kernel_emitted
cell0.m50	mux2_1	cell0	mac_island_cell0	kernel_emitted
cell0.m51	mux2_1	cell0	mac_island_cell0	kernel_emitted
cell0.m52	mux2_1	cell0	mac_island_cell0	kernel_emitted
cell0.m53	mux2_1	cell0	mac_island_cell0	kernel_emitted
cell0.m54	mux2_1	cell0	mac_island_cell0	kernel_emitted
cell0.m55	mux2_1	cell0	mac_island_cell0	kernel_emitted
cell0.m56	mux2_1	cell0	mac_island_cell0	kernel_emitted
cell0.m57	mux2_1	cell0	mac_island_cell0	kernel_emitted
cell0.m58	mux2_1	cell0	mac_island_cell0	kernel_emitted
cell0.m59	mux2_1	cell0	mac_island_cell0	kernel_emitted
cell0.m6	mux2_1	cell0	mac_island_cell0	kernel_emitted
cell0.m60	mux2_1	cell0	mac_island_cell0	kernel_emitted
cell0.m61	mux2_1	cell0	mac_island_cell0	kernel_emitted
cell0.m62	mux2_1	cell0	mac_island_cell0	kernel_emitted
cell0.m63	mux2_1	cell0	mac_island_cell0	kernel_emitted
cell0.m7	mux2_1	cell0	mac_island_cell0	kernel_emitted
cell0.m8	mux2_1	cell0	mac_island_cell0	kernel_emitted
cell0.m9	mux2_1	cell0	mac_island_cell0	kernel_emitted
cell0.q0	dfxtp_2	cell0	mac_island_cell0	kernel_emitted
cell0.q1	dfxtp_2	cell0	mac_island_cell0	kernel_emitted
cell0.q10	dfxtp_2	cell0	mac_island_cell0	kernel_emitted
cell0.q11	dfxtp_2	cell0	mac_island_cell0	kernel_emitted
cell0.q12	dfxtp_2	cell0	mac_island_cell0	kernel_emitted
cell0.q13	dfxtp_2	cell0	mac_island_cell0	kernel_emitted
cell0.q14	dfxtp_2	cell0	mac_island_cell0	kernel_emitted
cell0.q15	dfxtp_2	cell0	mac_island_cell0	kernel_emitted
cell0.q16	dfxtp_2	cell0	mac_island_cell0	kernel_emitted
cell0.q17	dfxtp_2	cell0	mac_island_cell0	kernel_emitted
cell0.q18	dfxtp_2	cell0	mac_island_cell0	kernel_emitted
cell0.q19	dfxtp_2	cell0	mac_island_cell0	kernel_emitted
cell0.q2	dfxtp_2	cell0	mac_island_cell0	kernel_emitted
cell0.q20	dfxtp_2	cell0	mac_island_cell0	kernel_emitted
cell0.q21	dfxtp_2	cell0	mac_island_cell0	kernel_emitted
cell0.q22	dfxtp_2	cell0	mac_island_cell0	kernel_emitted
cell0.q23	dfxtp_2	cell0	mac_island_cell0	kernel_emitted
cell0.q24	dfxtp_2	cell0	mac_island_cell0	kernel_emitted
cell0.q25	dfxtp_2	cell0	mac_island_cell0	kernel_emitted
cell0.q26	dfxtp_2	cell0	mac_island_cell0	kernel_emitted
cell0.q27	dfxtp_2	cell0	mac_island_cell0	kernel_emitted
cell0.q28	dfxtp_2	cell0	mac_island_cell0	kernel_emitted
cell0.q29	dfxtp_2	cell0	mac_island_cell0	kernel_emitted
cell0.q3	dfxtp_2	cell0	mac_island_cell0	kernel_emitted
cell0.q30	dfxtp_2	cell0	mac_island_cell0	kernel_emitted
cell0.q31	dfxtp_2	cell0	mac_island_cell0	kernel_emitted
cell0.q32	dfxtp_2	cell0	mac_island_cell0	kernel_emitted
cell0.q33	dfxtp_2	cell0	mac_island_cell0	kernel_emitted
cell0.q34	dfxtp_2	cell0	mac_island_cell0	kernel_emitted
cell0.q35	dfxtp_2	cell0	mac_island_cell0	kernel_emitted
cell0.q36	dfxtp_2	cell0	mac_island_cell0	kernel_emitted
cell0.q37	dfxtp_2	cell0	mac_island_cell0	kernel_emitted
cell0.q38	dfxtp_2	cell0	mac_island_cell0	kernel_emitted
cell0.q39	dfxtp_2	cell0	mac_island_cell0	kernel_emitted
cell0.q4	dfxtp_2	cell0	mac_island_cell0	kernel_emitted
cell0.q40	dfxtp_2	cell0	mac_island_cell0	kernel_emitted
cell0.q41	dfxtp_2	cell0	mac_island_cell0	kernel_emitted
cell0.q42	dfxtp_2	cell0	mac_island_cell0	kernel_emitted
cell0.q43	dfxtp_2	cell0	mac_island_cell0	kernel_emitted
cell0.q44	dfxtp_2	cell0	mac_island_cell0	kernel_emitted
cell0.q45	dfxtp_2	cell0	mac_island_cell0	kernel_emitted
cell0.q46	dfxtp_2	cell0	mac_island_cell0	kernel_emitted
cell0.q47	dfxtp_2	cell0	mac_island_cell0	kernel_emitted
cell0.q48	dfxtp_2	cell0	mac_island_cell0	kernel_emitted
cell0.q49	dfxtp_2	cell0	mac_island_cell0	kernel_emitted
cell0.q5	dfxtp_2	cell0	mac_island_cell0	kernel_emitted
cell0.q50	dfxtp_2	cell0	mac_island_cell0	kernel_emitted
cell0.q51	dfxtp_2	cell0	mac_island_cell0	kernel_emitted
cell0.q52	dfxtp_2	cell0	mac_island_cell0	kernel_emitted
cell0.q53	dfxtp_2	cell0	mac_island_cell0	kernel_emitted
cell0.q54	dfxtp_2	cell0	mac_island_cell0	kernel_emitted
cell0.q55	dfxtp_2	cell0	mac_island_cell0	kernel_emitted
cell0.q56	dfxtp_2	cell0	mac_island_cell0	kernel_emitted
cell0.q57	dfxtp_2	cell0	mac_island_cell0	kernel_emitted
cell0.q58	dfxtp_2	cell0	mac_island_cell0	kernel_emitted
cell0.q59	dfxtp_2	cell0	mac_island_cell0	kernel_emitted
cell0.q6	dfxtp_2	cell0	mac_island_cell0	kernel_emitted
cell0.q60	dfxtp_2	cell0	mac_island_cell0	kernel_emitted
cell0.q61	dfxtp_2	cell0	mac_island_cell0	kernel_emitted
cell0.q62	dfxtp_2	cell0	mac_island_cell0	kernel_emitted
cell0.q63	dfxtp_2	cell0	mac_island_cell0	kernel_emitted
cell0.q7	dfxtp_2	cell0	mac_island_cell0	kernel_emitted
cell0.q8	dfxtp_2	cell0	mac_island_cell0	kernel_emitted
cell0.q9	dfxtp_2	cell0	mac_island_cell0	kernel_emitted
cell1.c32	and2_1	cell1	mac_island_cell1	kernel_emitted
cell1.c33	and2_1	cell1	mac_island_cell1	kernel_emitted
cell1.c34	and2_1	cell1	mac_island_cell1	kernel_emitted
cell1.c35	and2_1	cell1	mac_island_cell1	kernel_emitted
cell1.c36	and2_1	cell1	mac_island_cell1	kernel_emitted
cell1.c37	and2_1	cell1	mac_island_cell1	kernel_emitted
cell1.c38	and2_1	cell1	mac_island_cell1	kernel_emitted
cell1.c39	and2_1	cell1	mac_island_cell1	kernel_emitted
cell1.c40	and2_1	cell1	mac_island_cell1	kernel_emitted
cell1.c41	and2_1	cell1	mac_island_cell1	kernel_emitted
cell1.c42	and2_1	cell1	mac_island_cell1	kernel_emitted
cell1.c43	and2_1	cell1	mac_island_cell1	kernel_emitted
cell1.c44	and2_1	cell1	mac_island_cell1	kernel_emitted
cell1.c45	and2_1	cell1	mac_island_cell1	kernel_emitted
cell1.c46	and2_1	cell1	mac_island_cell1	kernel_emitted
cell1.c47	and2_1	cell1	mac_island_cell1	kernel_emitted
cell1.c48	and2_1	cell1	mac_island_cell1	kernel_emitted
cell1.c49	and2_1	cell1	mac_island_cell1	kernel_emitted
cell1.c50	and2_1	cell1	mac_island_cell1	kernel_emitted
cell1.c51	and2_1	cell1	mac_island_cell1	kernel_emitted
cell1.c52	and2_1	cell1	mac_island_cell1	kernel_emitted
cell1.c53	and2_1	cell1	mac_island_cell1	kernel_emitted
cell1.c54	and2_1	cell1	mac_island_cell1	kernel_emitted
cell1.c55	and2_1	cell1	mac_island_cell1	kernel_emitted
cell1.c56	and2_1	cell1	mac_island_cell1	kernel_emitted
cell1.c57	and2_1	cell1	mac_island_cell1	kernel_emitted
cell1.c58	and2_1	cell1	mac_island_cell1	kernel_emitted
cell1.c59	and2_1	cell1	mac_island_cell1	kernel_emitted
cell1.c60	and2_1	cell1	mac_island_cell1	kernel_emitted
cell1.c61	and2_1	cell1	mac_island_cell1	kernel_emitted
cell1.c62	and2_1	cell1	mac_island_cell1	kernel_emitted
cell1.c63	and2_1	cell1	mac_island_cell1	kernel_emitted
cell1.g100	xor2_1	cell1	mac_island_cell1	kernel_emitted
cell1.g101	xor2_1	cell1	mac_island_cell1	kernel_emitted
cell1.g102	xor2_1	cell1	mac_island_cell1	kernel_emitted
cell1.g103	xor2_1	cell1	mac_island_cell1	kernel_emitted
cell1.g104	xor2_1	cell1	mac_island_cell1	kernel_emitted
cell1.g105	xor2_1	cell1	mac_island_cell1	kernel_emitted
cell1.g106	xor2_1	cell1	mac_island_cell1	kernel_emitted
cell1.g107	xor2_1	cell1	mac_island_cell1	kernel_emitted
cell1.g108	xor2_1	cell1	mac_island_cell1	kernel_emitted
cell1.g109	xor2_1	cell1	mac_island_cell1	kernel_emitted
cell1.g110	xor2_1	cell1	mac_island_cell1	kernel_emitted
cell1.g111	xor2_1	cell1	mac_island_cell1	kernel_emitted
cell1.g112	xor2_1	cell1	mac_island_cell1	kernel_emitted
cell1.g113	xor2_1	cell1	mac_island_cell1	kernel_emitted
cell1.g114	xor2_1	cell1	mac_island_cell1	kernel_emitted
cell1.g115	xor2_1	cell1	mac_island_cell1	kernel_emitted
cell1.g116	xor2_1	cell1	mac_island_cell1	kernel_emitted
cell1.g117	xor2_1	cell1	mac_island_cell1	kernel_emitted
cell1.g118	xor2_1	cell1	mac_island_cell1	kernel_emitted
cell1.g119	xor2_1	cell1	mac_island_cell1	kernel_emitted
cell1.g120	xor2_1	cell1	mac_island_cell1	kernel_emitted
cell1.g121	xor2_1	cell1	mac_island_cell1	kernel_emitted
cell1.g122	xor2_1	cell1	mac_island_cell1	kernel_emitted
cell1.g123	xor2_1	cell1	mac_island_cell1	kernel_emitted
cell1.g124	xor2_1	cell1	mac_island_cell1	kernel_emitted
cell1.g125	xor2_1	cell1	mac_island_cell1	kernel_emitted
cell1.g126	xor2_1	cell1	mac_island_cell1	kernel_emitted
cell1.g127	xor2_1	cell1	mac_island_cell1	kernel_emitted
cell1.g128	xor2_1	cell1	mac_island_cell1	kernel_emitted
cell1.g129	xor2_1	cell1	mac_island_cell1	kernel_emitted
cell1.g130	xor2_1	cell1	mac_island_cell1	kernel_emitted
cell1.g131	xor2_1	cell1	mac_island_cell1	kernel_emitted
cell1.g132	xor2_1	cell1	mac_island_cell1	kernel_emitted
cell1.g133	xor2_1	cell1	mac_island_cell1	kernel_emitted
cell1.g134	and2_1	cell1	mac_island_cell1	kernel_emitted
cell1.g135	and2_1	cell1	mac_island_cell1	kernel_emitted
cell1.g136	or2_1	cell1	mac_island_cell1	kernel_emitted
cell1.g137	xor2_1	cell1	mac_island_cell1	kernel_emitted
cell1.g138	xor2_1	cell1	mac_island_cell1	kernel_emitted
cell1.g139	and2_1	cell1	mac_island_cell1	kernel_emitted
cell1.g140	and2_1	cell1	mac_island_cell1	kernel_emitted
cell1.g141	or2_1	cell1	mac_island_cell1	kernel_emitted
cell1.g142	xor2_1	cell1	mac_island_cell1	kernel_emitted
cell1.g143	xor2_1	cell1	mac_island_cell1	kernel_emitted
cell1.g144	and2_1	cell1	mac_island_cell1	kernel_emitted
cell1.g145	and2_1	cell1	mac_island_cell1	kernel_emitted
cell1.g146	or2_1	cell1	mac_island_cell1	kernel_emitted
cell1.g147	xor2_1	cell1	mac_island_cell1	kernel_emitted
cell1.g148	xor2_1	cell1	mac_island_cell1	kernel_emitted
cell1.g149	and2_1	cell1	mac_island_cell1	kernel_emitted
cell1.g150	and2_1	cell1	mac_island_cell1	kernel_emitted
cell1.g151	or2_1	cell1	mac_island_cell1	kernel_emitted
cell1.g152	xor2_1	cell1	mac_island_cell1	kernel_emitted
cell1.g153	xor2_1	cell1	mac_island_cell1	kernel_emitted
cell1.g154	and2_1	cell1	mac_island_cell1	kernel_emitted
cell1.g155	and2_1	cell1	mac_island_cell1	kernel_emitted
cell1.g156	or2_1	cell1	mac_island_cell1	kernel_emitted
cell1.g157	xor2_1	cell1	mac_island_cell1	kernel_emitted
cell1.g158	xor2_1	cell1	mac_island_cell1	kernel_emitted
cell1.g159	and2_1	cell1	mac_island_cell1	kernel_emitted
cell1.g160	and2_1	cell1	mac_island_cell1	kernel_emitted
cell1.g161	or2_1	cell1	mac_island_cell1	kernel_emitted
cell1.g162	xor2_1	cell1	mac_island_cell1	kernel_emitted
cell1.g163	xor2_1	cell1	mac_island_cell1	kernel_emitted
cell1.g164	and2_1	cell1	mac_island_cell1	kernel_emitted
cell1.g165	and2_1	cell1	mac_island_cell1	kernel_emitted
cell1.g166	or2_1	cell1	mac_island_cell1	kernel_emitted
cell1.g167	xor2_1	cell1	mac_island_cell1	kernel_emitted
cell1.g168	xor2_1	cell1	mac_island_cell1	kernel_emitted
cell1.g169	and2_1	cell1	mac_island_cell1	kernel_emitted
cell1.g170	and2_1	cell1	mac_island_cell1	kernel_emitted
cell1.g171	or2_1	cell1	mac_island_cell1	kernel_emitted
cell1.g172	xor2_1	cell1	mac_island_cell1	kernel_emitted
cell1.g173	xor2_1	cell1	mac_island_cell1	kernel_emitted
cell1.g174	and2_1	cell1	mac_island_cell1	kernel_emitted
cell1.g175	and2_1	cell1	mac_island_cell1	kernel_emitted
cell1.g176	or2_1	cell1	mac_island_cell1	kernel_emitted
cell1.g177	xor2_1	cell1	mac_island_cell1	kernel_emitted
cell1.g178	xor2_1	cell1	mac_island_cell1	kernel_emitted
cell1.g179	and2_1	cell1	mac_island_cell1	kernel_emitted
cell1.g180	and2_1	cell1	mac_island_cell1	kernel_emitted
cell1.g181	or2_1	cell1	mac_island_cell1	kernel_emitted
cell1.g182	xor2_1	cell1	mac_island_cell1	kernel_emitted
cell1.g183	xor2_1	cell1	mac_island_cell1	kernel_emitted
cell1.g184	and2_1	cell1	mac_island_cell1	kernel_emitted
cell1.g185	and2_1	cell1	mac_island_cell1	kernel_emitted
cell1.g186	or2_1	cell1	mac_island_cell1	kernel_emitted
cell1.g187	xor2_1	cell1	mac_island_cell1	kernel_emitted
cell1.g188	xor2_1	cell1	mac_island_cell1	kernel_emitted
cell1.g189	and2_1	cell1	mac_island_cell1	kernel_emitted
cell1.g190	and2_1	cell1	mac_island_cell1	kernel_emitted
cell1.g191	or2_1	cell1	mac_island_cell1	kernel_emitted
cell1.g192	xor2_1	cell1	mac_island_cell1	kernel_emitted
cell1.g193	xor2_1	cell1	mac_island_cell1	kernel_emitted
cell1.g194	and2_1	cell1	mac_island_cell1	kernel_emitted
cell1.g195	and2_1	cell1	mac_island_cell1	kernel_emitted
cell1.g196	or2_1	cell1	mac_island_cell1	kernel_emitted
cell1.g197	xor2_1	cell1	mac_island_cell1	kernel_emitted
cell1.g198	xor2_1	cell1	mac_island_cell1	kernel_emitted
cell1.g199	and2_1	cell1	mac_island_cell1	kernel_emitted
cell1.g200	and2_1	cell1	mac_island_cell1	kernel_emitted
cell1.g201	or2_1	cell1	mac_island_cell1	kernel_emitted
cell1.g202	xor2_1	cell1	mac_island_cell1	kernel_emitted
cell1.g203	xor2_1	cell1	mac_island_cell1	kernel_emitted
cell1.g204	and2_1	cell1	mac_island_cell1	kernel_emitted
cell1.g205	and2_1	cell1	mac_island_cell1	kernel_emitted
cell1.g206	or2_1	cell1	mac_island_cell1	kernel_emitted
cell1.g207	xor2_1	cell1	mac_island_cell1	kernel_emitted
cell1.g208	xor2_1	cell1	mac_island_cell1	kernel_emitted
cell1.g209	and2_1	cell1	mac_island_cell1	kernel_emitted
cell1.g210	and2_1	cell1	mac_island_cell1	kernel_emitted
cell1.g211	or2_1	cell1	mac_island_cell1	kernel_emitted
cell1.g212	xor2_1	cell1	mac_island_cell1	kernel_emitted
cell1.g213	xor2_1	cell1	mac_island_cell1	kernel_emitted
cell1.g214	and2_1	cell1	mac_island_cell1	kernel_emitted
cell1.g215	and2_1	cell1	mac_island_cell1	kernel_emitted
cell1.g216	or2_1	cell1	mac_island_cell1	kernel_emitted
cell1.g217	xor2_1	cell1	mac_island_cell1	kernel_emitted
cell1.g218	xor2_1	cell1	mac_island_cell1	kernel_emitted
cell1.g219	and2_1	cell1	mac_island_cell1	kernel_emitted
cell1.g220	and2_1	cell1	mac_island_cell1	kernel_emitted
cell1.g221	or2_1	cell1	mac_island_cell1	kernel_emitted
cell1.g222	xor2_1	cell1	mac_island_cell1	kernel_emitted
cell1.g223	xor2_1	cell1	mac_island_cell1	kernel_emitted
cell1.g224	and2_1	cell1	mac_island_cell1	kernel_emitted
cell1.g225	and2_1	cell1	mac_island_cell1	kernel_emitted
cell1.g226	or2_1	cell1	mac_island_cell1	kernel_emitted
cell1.g227	xor2_1	cell1	mac_island_cell1	kernel_emitted
cell1.g228	xor2_1	cell1	mac_island_cell1	kernel_emitted
cell1.g229	and2_1	cell1	mac_island_cell1	kernel_emitted
cell1.g230	and2_1	cell1	mac_island_cell1	kernel_emitted
cell1.g231	or2_1	cell1	mac_island_cell1	kernel_emitted
cell1.g232	xor2_1	cell1	mac_island_cell1	kernel_emitted
cell1.g233	xor2_1	cell1	mac_island_cell1	kernel_emitted
cell1.g234	and2_1	cell1	mac_island_cell1	kernel_emitted
cell1.g235	and2_1	cell1	mac_island_cell1	kernel_emitted
cell1.g236	or2_1	cell1	mac_island_cell1	kernel_emitted
cell1.g237	xor2_1	cell1	mac_island_cell1	kernel_emitted
cell1.g238	xor2_1	cell1	mac_island_cell1	kernel_emitted
cell1.g239	and2_1	cell1	mac_island_cell1	kernel_emitted
cell1.g240	and2_1	cell1	mac_island_cell1	kernel_emitted
cell1.g241	or2_1	cell1	mac_island_cell1	kernel_emitted
cell1.g242	xor2_1	cell1	mac_island_cell1	kernel_emitted
cell1.g243	xor2_1	cell1	mac_island_cell1	kernel_emitted
cell1.g244	and2_1	cell1	mac_island_cell1	kernel_emitted
cell1.g245	and2_1	cell1	mac_island_cell1	kernel_emitted
cell1.g246	or2_1	cell1	mac_island_cell1	kernel_emitted
cell1.g247	xor2_1	cell1	mac_island_cell1	kernel_emitted
cell1.g248	xor2_1	cell1	mac_island_cell1	kernel_emitted
cell1.g249	and2_1	cell1	mac_island_cell1	kernel_emitted
cell1.g250	and2_1	cell1	mac_island_cell1	kernel_emitted
cell1.g251	or2_1	cell1	mac_island_cell1	kernel_emitted
cell1.g252	xor2_1	cell1	mac_island_cell1	kernel_emitted
cell1.g253	xor2_1	cell1	mac_island_cell1	kernel_emitted
cell1.g254	and2_1	cell1	mac_island_cell1	kernel_emitted
cell1.g255	and2_1	cell1	mac_island_cell1	kernel_emitted
cell1.g256	or2_1	cell1	mac_island_cell1	kernel_emitted
cell1.g257	xor2_1	cell1	mac_island_cell1	kernel_emitted
cell1.g258	xor2_1	cell1	mac_island_cell1	kernel_emitted
cell1.g259	and2_1	cell1	mac_island_cell1	kernel_emitted
cell1.g260	and2_1	cell1	mac_island_cell1	kernel_emitted
cell1.g261	or2_1	cell1	mac_island_cell1	kernel_emitted
cell1.g262	xor2_1	cell1	mac_island_cell1	kernel_emitted
cell1.g263	xor2_1	cell1	mac_island_cell1	kernel_emitted
cell1.g264	and2_1	cell1	mac_island_cell1	kernel_emitted
cell1.g265	and2_1	cell1	mac_island_cell1	kernel_emitted
cell1.g266	or2_1	cell1	mac_island_cell1	kernel_emitted
cell1.g267	xor2_1	cell1	mac_island_cell1	kernel_emitted
cell1.g268	xor2_1	cell1	mac_island_cell1	kernel_emitted
cell1.g269	and2_1	cell1	mac_island_cell1	kernel_emitted
cell1.g270	and2_1	cell1	mac_island_cell1	kernel_emitted
cell1.g271	or2_1	cell1	mac_island_cell1	kernel_emitted
cell1.g272	xor2_1	cell1	mac_island_cell1	kernel_emitted
cell1.g273	xor2_1	cell1	mac_island_cell1	kernel_emitted
cell1.g274	and2_1	cell1	mac_island_cell1	kernel_emitted
cell1.g275	and2_1	cell1	mac_island_cell1	kernel_emitted
cell1.g276	or2_1	cell1	mac_island_cell1	kernel_emitted
cell1.g277	xor2_1	cell1	mac_island_cell1	kernel_emitted
cell1.g278	xor2_1	cell1	mac_island_cell1	kernel_emitted
cell1.g279	and2_1	cell1	mac_island_cell1	kernel_emitted
cell1.g280	and2_1	cell1	mac_island_cell1	kernel_emitted
cell1.g281	or2_1	cell1	mac_island_cell1	kernel_emitted
cell1.g282	xor2_1	cell1	mac_island_cell1	kernel_emitted
cell1.g283	xor2_1	cell1	mac_island_cell1	kernel_emitted
cell1.g284	and2_1	cell1	mac_island_cell1	kernel_emitted
cell1.g285	and2_1	cell1	mac_island_cell1	kernel_emitted
cell1.g286	or2_1	cell1	mac_island_cell1	kernel_emitted
cell1.g287	xor2_1	cell1	mac_island_cell1	kernel_emitted
cell1.g288	xor2_1	cell1	mac_island_cell1	kernel_emitted
cell1.g67	and2_1	cell1	mac_island_cell1	kernel_emitted
cell1.g68	and2_1	cell1	mac_island_cell1	kernel_emitted
cell1.g69	and2_1	cell1	mac_island_cell1	kernel_emitted
cell1.g70	and2_1	cell1	mac_island_cell1	kernel_emitted
cell1.g71	and2_1	cell1	mac_island_cell1	kernel_emitted
cell1.g72	and2_1	cell1	mac_island_cell1	kernel_emitted
cell1.g73	and2_1	cell1	mac_island_cell1	kernel_emitted
cell1.g74	and2_1	cell1	mac_island_cell1	kernel_emitted
cell1.g75	and2_1	cell1	mac_island_cell1	kernel_emitted
cell1.g76	and2_1	cell1	mac_island_cell1	kernel_emitted
cell1.g77	and2_1	cell1	mac_island_cell1	kernel_emitted
cell1.g78	and2_1	cell1	mac_island_cell1	kernel_emitted
cell1.g79	and2_1	cell1	mac_island_cell1	kernel_emitted
cell1.g80	and2_1	cell1	mac_island_cell1	kernel_emitted
cell1.g81	and2_1	cell1	mac_island_cell1	kernel_emitted
cell1.g82	and2_1	cell1	mac_island_cell1	kernel_emitted
cell1.g83	and2_1	cell1	mac_island_cell1	kernel_emitted
cell1.g84	and2_1	cell1	mac_island_cell1	kernel_emitted
cell1.g85	and2_1	cell1	mac_island_cell1	kernel_emitted
cell1.g86	and2_1	cell1	mac_island_cell1	kernel_emitted
cell1.g87	and2_1	cell1	mac_island_cell1	kernel_emitted
cell1.g88	and2_1	cell1	mac_island_cell1	kernel_emitted
cell1.g89	and2_1	cell1	mac_island_cell1	kernel_emitted
cell1.g90	and2_1	cell1	mac_island_cell1	kernel_emitted
cell1.g91	and2_1	cell1	mac_island_cell1	kernel_emitted
cell1.g92	and2_1	cell1	mac_island_cell1	kernel_emitted
cell1.g93	and2_1	cell1	mac_island_cell1	kernel_emitted
cell1.g94	and2_1	cell1	mac_island_cell1	kernel_emitted
cell1.g95	and2_1	cell1	mac_island_cell1	kernel_emitted
cell1.g96	and2_1	cell1	mac_island_cell1	kernel_emitted
cell1.g97	and2_1	cell1	mac_island_cell1	kernel_emitted
cell1.g98	and2_1	cell1	mac_island_cell1	kernel_emitted
cell1.g99	and2_1	cell1	mac_island_cell1	kernel_emitted
cell1.gnclr	inv_1	cell1	mac_island_cell1	kernel_emitted
cell1.m0	mux2_1	cell1	mac_island_cell1	kernel_emitted
cell1.m1	mux2_1	cell1	mac_island_cell1	kernel_emitted
cell1.m10	mux2_1	cell1	mac_island_cell1	kernel_emitted
cell1.m11	mux2_1	cell1	mac_island_cell1	kernel_emitted
cell1.m12	mux2_1	cell1	mac_island_cell1	kernel_emitted
cell1.m13	mux2_1	cell1	mac_island_cell1	kernel_emitted
cell1.m14	mux2_1	cell1	mac_island_cell1	kernel_emitted
cell1.m15	mux2_1	cell1	mac_island_cell1	kernel_emitted
cell1.m16	mux2_1	cell1	mac_island_cell1	kernel_emitted
cell1.m17	mux2_1	cell1	mac_island_cell1	kernel_emitted
cell1.m18	mux2_1	cell1	mac_island_cell1	kernel_emitted
cell1.m19	mux2_1	cell1	mac_island_cell1	kernel_emitted
cell1.m2	mux2_1	cell1	mac_island_cell1	kernel_emitted
cell1.m20	mux2_1	cell1	mac_island_cell1	kernel_emitted
cell1.m21	mux2_1	cell1	mac_island_cell1	kernel_emitted
cell1.m22	mux2_1	cell1	mac_island_cell1	kernel_emitted
cell1.m23	mux2_1	cell1	mac_island_cell1	kernel_emitted
cell1.m24	mux2_1	cell1	mac_island_cell1	kernel_emitted
cell1.m25	mux2_1	cell1	mac_island_cell1	kernel_emitted
cell1.m26	mux2_1	cell1	mac_island_cell1	kernel_emitted
cell1.m27	mux2_1	cell1	mac_island_cell1	kernel_emitted
cell1.m28	mux2_1	cell1	mac_island_cell1	kernel_emitted
cell1.m29	mux2_1	cell1	mac_island_cell1	kernel_emitted
cell1.m3	mux2_1	cell1	mac_island_cell1	kernel_emitted
cell1.m30	mux2_1	cell1	mac_island_cell1	kernel_emitted
cell1.m31	mux2_1	cell1	mac_island_cell1	kernel_emitted
cell1.m32	mux2_1	cell1	mac_island_cell1	kernel_emitted
cell1.m33	mux2_1	cell1	mac_island_cell1	kernel_emitted
cell1.m34	mux2_1	cell1	mac_island_cell1	kernel_emitted
cell1.m35	mux2_1	cell1	mac_island_cell1	kernel_emitted
cell1.m36	mux2_1	cell1	mac_island_cell1	kernel_emitted
cell1.m37	mux2_1	cell1	mac_island_cell1	kernel_emitted
cell1.m38	mux2_1	cell1	mac_island_cell1	kernel_emitted
cell1.m39	mux2_1	cell1	mac_island_cell1	kernel_emitted
cell1.m4	mux2_1	cell1	mac_island_cell1	kernel_emitted
cell1.m40	mux2_1	cell1	mac_island_cell1	kernel_emitted
cell1.m41	mux2_1	cell1	mac_island_cell1	kernel_emitted
cell1.m42	mux2_1	cell1	mac_island_cell1	kernel_emitted
cell1.m43	mux2_1	cell1	mac_island_cell1	kernel_emitted
cell1.m44	mux2_1	cell1	mac_island_cell1	kernel_emitted
cell1.m45	mux2_1	cell1	mac_island_cell1	kernel_emitted
cell1.m46	mux2_1	cell1	mac_island_cell1	kernel_emitted
cell1.m47	mux2_1	cell1	mac_island_cell1	kernel_emitted
cell1.m48	mux2_1	cell1	mac_island_cell1	kernel_emitted
cell1.m49	mux2_1	cell1	mac_island_cell1	kernel_emitted
cell1.m5	mux2_1	cell1	mac_island_cell1	kernel_emitted
cell1.m50	mux2_1	cell1	mac_island_cell1	kernel_emitted
cell1.m51	mux2_1	cell1	mac_island_cell1	kernel_emitted
cell1.m52	mux2_1	cell1	mac_island_cell1	kernel_emitted
cell1.m53	mux2_1	cell1	mac_island_cell1	kernel_emitted
cell1.m54	mux2_1	cell1	mac_island_cell1	kernel_emitted
cell1.m55	mux2_1	cell1	mac_island_cell1	kernel_emitted
cell1.m56	mux2_1	cell1	mac_island_cell1	kernel_emitted
cell1.m57	mux2_1	cell1	mac_island_cell1	kernel_emitted
cell1.m58	mux2_1	cell1	mac_island_cell1	kernel_emitted
cell1.m59	mux2_1	cell1	mac_island_cell1	kernel_emitted
cell1.m6	mux2_1	cell1	mac_island_cell1	kernel_emitted
cell1.m60	mux2_1	cell1	mac_island_cell1	kernel_emitted
cell1.m61	mux2_1	cell1	mac_island_cell1	kernel_emitted
cell1.m62	mux2_1	cell1	mac_island_cell1	kernel_emitted
cell1.m63	mux2_1	cell1	mac_island_cell1	kernel_emitted
cell1.m7	mux2_1	cell1	mac_island_cell1	kernel_emitted
cell1.m8	mux2_1	cell1	mac_island_cell1	kernel_emitted
cell1.m9	mux2_1	cell1	mac_island_cell1	kernel_emitted
cell1.q0	dfxtp_2	cell1	mac_island_cell1	kernel_emitted
cell1.q1	dfxtp_2	cell1	mac_island_cell1	kernel_emitted
cell1.q10	dfxtp_2	cell1	mac_island_cell1	kernel_emitted
cell1.q11	dfxtp_2	cell1	mac_island_cell1	kernel_emitted
cell1.q12	dfxtp_2	cell1	mac_island_cell1	kernel_emitted
cell1.q13	dfxtp_2	cell1	mac_island_cell1	kernel_emitted
cell1.q14	dfxtp_2	cell1	mac_island_cell1	kernel_emitted
cell1.q15	dfxtp_2	cell1	mac_island_cell1	kernel_emitted
cell1.q16	dfxtp_2	cell1	mac_island_cell1	kernel_emitted
cell1.q17	dfxtp_2	cell1	mac_island_cell1	kernel_emitted
cell1.q18	dfxtp_2	cell1	mac_island_cell1	kernel_emitted
cell1.q19	dfxtp_2	cell1	mac_island_cell1	kernel_emitted
cell1.q2	dfxtp_2	cell1	mac_island_cell1	kernel_emitted
cell1.q20	dfxtp_2	cell1	mac_island_cell1	kernel_emitted
cell1.q21	dfxtp_2	cell1	mac_island_cell1	kernel_emitted
cell1.q22	dfxtp_2	cell1	mac_island_cell1	kernel_emitted
cell1.q23	dfxtp_2	cell1	mac_island_cell1	kernel_emitted
cell1.q24	dfxtp_2	cell1	mac_island_cell1	kernel_emitted
cell1.q25	dfxtp_2	cell1	mac_island_cell1	kernel_emitted
cell1.q26	dfxtp_2	cell1	mac_island_cell1	kernel_emitted
cell1.q27	dfxtp_2	cell1	mac_island_cell1	kernel_emitted
cell1.q28	dfxtp_2	cell1	mac_island_cell1	kernel_emitted
cell1.q29	dfxtp_2	cell1	mac_island_cell1	kernel_emitted
cell1.q3	dfxtp_2	cell1	mac_island_cell1	kernel_emitted
cell1.q30	dfxtp_2	cell1	mac_island_cell1	kernel_emitted
cell1.q31	dfxtp_2	cell1	mac_island_cell1	kernel_emitted
cell1.q32	dfxtp_2	cell1	mac_island_cell1	kernel_emitted
cell1.q33	dfxtp_2	cell1	mac_island_cell1	kernel_emitted
cell1.q34	dfxtp_2	cell1	mac_island_cell1	kernel_emitted
cell1.q35	dfxtp_2	cell1	mac_island_cell1	kernel_emitted
cell1.q36	dfxtp_2	cell1	mac_island_cell1	kernel_emitted
cell1.q37	dfxtp_2	cell1	mac_island_cell1	kernel_emitted
cell1.q38	dfxtp_2	cell1	mac_island_cell1	kernel_emitted
cell1.q39	dfxtp_2	cell1	mac_island_cell1	kernel_emitted
cell1.q4	dfxtp_2	cell1	mac_island_cell1	kernel_emitted
cell1.q40	dfxtp_2	cell1	mac_island_cell1	kernel_emitted
cell1.q41	dfxtp_2	cell1	mac_island_cell1	kernel_emitted
cell1.q42	dfxtp_2	cell1	mac_island_cell1	kernel_emitted
cell1.q43	dfxtp_2	cell1	mac_island_cell1	kernel_emitted
cell1.q44	dfxtp_2	cell1	mac_island_cell1	kernel_emitted
cell1.q45	dfxtp_2	cell1	mac_island_cell1	kernel_emitted
cell1.q46	dfxtp_2	cell1	mac_island_cell1	kernel_emitted
cell1.q47	dfxtp_2	cell1	mac_island_cell1	kernel_emitted
cell1.q48	dfxtp_2	cell1	mac_island_cell1	kernel_emitted
cell1.q49	dfxtp_2	cell1	mac_island_cell1	kernel_emitted
cell1.q5	dfxtp_2	cell1	mac_island_cell1	kernel_emitted
cell1.q50	dfxtp_2	cell1	mac_island_cell1	kernel_emitted
cell1.q51	dfxtp_2	cell1	mac_island_cell1	kernel_emitted
cell1.q52	dfxtp_2	cell1	mac_island_cell1	kernel_emitted
cell1.q53	dfxtp_2	cell1	mac_island_cell1	kernel_emitted
cell1.q54	dfxtp_2	cell1	mac_island_cell1	kernel_emitted
cell1.q55	dfxtp_2	cell1	mac_island_cell1	kernel_emitted
cell1.q56	dfxtp_2	cell1	mac_island_cell1	kernel_emitted
cell1.q57	dfxtp_2	cell1	mac_island_cell1	kernel_emitted
cell1.q58	dfxtp_2	cell1	mac_island_cell1	kernel_emitted
cell1.q59	dfxtp_2	cell1	mac_island_cell1	kernel_emitted
cell1.q6	dfxtp_2	cell1	mac_island_cell1	kernel_emitted
cell1.q60	dfxtp_2	cell1	mac_island_cell1	kernel_emitted
cell1.q61	dfxtp_2	cell1	mac_island_cell1	kernel_emitted
cell1.q62	dfxtp_2	cell1	mac_island_cell1	kernel_emitted
cell1.q63	dfxtp_2	cell1	mac_island_cell1	kernel_emitted
cell1.q7	dfxtp_2	cell1	mac_island_cell1	kernel_emitted
cell1.q8	dfxtp_2	cell1	mac_island_cell1	kernel_emitted
cell1.q9	dfxtp_2	cell1	mac_island_cell1	kernel_emitted
cell2.c32	and2_1	cell2	mac_island_cell2	kernel_emitted
cell2.c33	and2_1	cell2	mac_island_cell2	kernel_emitted
cell2.c34	and2_1	cell2	mac_island_cell2	kernel_emitted
cell2.c35	and2_1	cell2	mac_island_cell2	kernel_emitted
cell2.c36	and2_1	cell2	mac_island_cell2	kernel_emitted
cell2.c37	and2_1	cell2	mac_island_cell2	kernel_emitted
cell2.c38	and2_1	cell2	mac_island_cell2	kernel_emitted
cell2.c39	and2_1	cell2	mac_island_cell2	kernel_emitted
cell2.c40	and2_1	cell2	mac_island_cell2	kernel_emitted
cell2.c41	and2_1	cell2	mac_island_cell2	kernel_emitted
cell2.c42	and2_1	cell2	mac_island_cell2	kernel_emitted
cell2.c43	and2_1	cell2	mac_island_cell2	kernel_emitted
cell2.c44	and2_1	cell2	mac_island_cell2	kernel_emitted
cell2.c45	and2_1	cell2	mac_island_cell2	kernel_emitted
cell2.c46	and2_1	cell2	mac_island_cell2	kernel_emitted
cell2.c47	and2_1	cell2	mac_island_cell2	kernel_emitted
cell2.c48	and2_1	cell2	mac_island_cell2	kernel_emitted
cell2.c49	and2_1	cell2	mac_island_cell2	kernel_emitted
cell2.c50	and2_1	cell2	mac_island_cell2	kernel_emitted
cell2.c51	and2_1	cell2	mac_island_cell2	kernel_emitted
cell2.c52	and2_1	cell2	mac_island_cell2	kernel_emitted
cell2.c53	and2_1	cell2	mac_island_cell2	kernel_emitted
cell2.c54	and2_1	cell2	mac_island_cell2	kernel_emitted
cell2.c55	and2_1	cell2	mac_island_cell2	kernel_emitted
cell2.c56	and2_1	cell2	mac_island_cell2	kernel_emitted
cell2.c57	and2_1	cell2	mac_island_cell2	kernel_emitted
cell2.c58	and2_1	cell2	mac_island_cell2	kernel_emitted
cell2.c59	and2_1	cell2	mac_island_cell2	kernel_emitted
cell2.c60	and2_1	cell2	mac_island_cell2	kernel_emitted
cell2.c61	and2_1	cell2	mac_island_cell2	kernel_emitted
cell2.c62	and2_1	cell2	mac_island_cell2	kernel_emitted
cell2.c63	and2_1	cell2	mac_island_cell2	kernel_emitted
cell2.g100	xor2_1	cell2	mac_island_cell2	kernel_emitted
cell2.g101	xor2_1	cell2	mac_island_cell2	kernel_emitted
cell2.g102	xor2_1	cell2	mac_island_cell2	kernel_emitted
cell2.g103	xor2_1	cell2	mac_island_cell2	kernel_emitted
cell2.g104	xor2_1	cell2	mac_island_cell2	kernel_emitted
cell2.g105	xor2_1	cell2	mac_island_cell2	kernel_emitted
cell2.g106	xor2_1	cell2	mac_island_cell2	kernel_emitted
cell2.g107	xor2_1	cell2	mac_island_cell2	kernel_emitted
cell2.g108	xor2_1	cell2	mac_island_cell2	kernel_emitted
cell2.g109	xor2_1	cell2	mac_island_cell2	kernel_emitted
cell2.g110	xor2_1	cell2	mac_island_cell2	kernel_emitted
cell2.g111	xor2_1	cell2	mac_island_cell2	kernel_emitted
cell2.g112	xor2_1	cell2	mac_island_cell2	kernel_emitted
cell2.g113	xor2_1	cell2	mac_island_cell2	kernel_emitted
cell2.g114	xor2_1	cell2	mac_island_cell2	kernel_emitted
cell2.g115	xor2_1	cell2	mac_island_cell2	kernel_emitted
cell2.g116	xor2_1	cell2	mac_island_cell2	kernel_emitted
cell2.g117	xor2_1	cell2	mac_island_cell2	kernel_emitted
cell2.g118	xor2_1	cell2	mac_island_cell2	kernel_emitted
cell2.g119	xor2_1	cell2	mac_island_cell2	kernel_emitted
cell2.g120	xor2_1	cell2	mac_island_cell2	kernel_emitted
cell2.g121	xor2_1	cell2	mac_island_cell2	kernel_emitted
cell2.g122	xor2_1	cell2	mac_island_cell2	kernel_emitted
cell2.g123	xor2_1	cell2	mac_island_cell2	kernel_emitted
cell2.g124	xor2_1	cell2	mac_island_cell2	kernel_emitted
cell2.g125	xor2_1	cell2	mac_island_cell2	kernel_emitted
cell2.g126	xor2_1	cell2	mac_island_cell2	kernel_emitted
cell2.g127	xor2_1	cell2	mac_island_cell2	kernel_emitted
cell2.g128	xor2_1	cell2	mac_island_cell2	kernel_emitted
cell2.g129	xor2_1	cell2	mac_island_cell2	kernel_emitted
cell2.g130	xor2_1	cell2	mac_island_cell2	kernel_emitted
cell2.g131	xor2_1	cell2	mac_island_cell2	kernel_emitted
cell2.g132	xor2_1	cell2	mac_island_cell2	kernel_emitted
cell2.g133	xor2_1	cell2	mac_island_cell2	kernel_emitted
cell2.g134	and2_1	cell2	mac_island_cell2	kernel_emitted
cell2.g135	and2_1	cell2	mac_island_cell2	kernel_emitted
cell2.g136	or2_1	cell2	mac_island_cell2	kernel_emitted
cell2.g137	xor2_1	cell2	mac_island_cell2	kernel_emitted
cell2.g138	xor2_1	cell2	mac_island_cell2	kernel_emitted
cell2.g139	and2_1	cell2	mac_island_cell2	kernel_emitted
cell2.g140	and2_1	cell2	mac_island_cell2	kernel_emitted
cell2.g141	or2_1	cell2	mac_island_cell2	kernel_emitted
cell2.g142	xor2_1	cell2	mac_island_cell2	kernel_emitted
cell2.g143	xor2_1	cell2	mac_island_cell2	kernel_emitted
cell2.g144	and2_1	cell2	mac_island_cell2	kernel_emitted
cell2.g145	and2_1	cell2	mac_island_cell2	kernel_emitted
cell2.g146	or2_1	cell2	mac_island_cell2	kernel_emitted
cell2.g147	xor2_1	cell2	mac_island_cell2	kernel_emitted
cell2.g148	xor2_1	cell2	mac_island_cell2	kernel_emitted
cell2.g149	and2_1	cell2	mac_island_cell2	kernel_emitted
cell2.g150	and2_1	cell2	mac_island_cell2	kernel_emitted
cell2.g151	or2_1	cell2	mac_island_cell2	kernel_emitted
cell2.g152	xor2_1	cell2	mac_island_cell2	kernel_emitted
cell2.g153	xor2_1	cell2	mac_island_cell2	kernel_emitted
cell2.g154	and2_1	cell2	mac_island_cell2	kernel_emitted
cell2.g155	and2_1	cell2	mac_island_cell2	kernel_emitted
cell2.g156	or2_1	cell2	mac_island_cell2	kernel_emitted
cell2.g157	xor2_1	cell2	mac_island_cell2	kernel_emitted
cell2.g158	xor2_1	cell2	mac_island_cell2	kernel_emitted
cell2.g159	and2_1	cell2	mac_island_cell2	kernel_emitted
cell2.g160	and2_1	cell2	mac_island_cell2	kernel_emitted
cell2.g161	or2_1	cell2	mac_island_cell2	kernel_emitted
cell2.g162	xor2_1	cell2	mac_island_cell2	kernel_emitted
cell2.g163	xor2_1	cell2	mac_island_cell2	kernel_emitted
cell2.g164	and2_1	cell2	mac_island_cell2	kernel_emitted
cell2.g165	and2_1	cell2	mac_island_cell2	kernel_emitted
cell2.g166	or2_1	cell2	mac_island_cell2	kernel_emitted
cell2.g167	xor2_1	cell2	mac_island_cell2	kernel_emitted
cell2.g168	xor2_1	cell2	mac_island_cell2	kernel_emitted
cell2.g169	and2_1	cell2	mac_island_cell2	kernel_emitted
cell2.g170	and2_1	cell2	mac_island_cell2	kernel_emitted
cell2.g171	or2_1	cell2	mac_island_cell2	kernel_emitted
cell2.g172	xor2_1	cell2	mac_island_cell2	kernel_emitted
cell2.g173	xor2_1	cell2	mac_island_cell2	kernel_emitted
cell2.g174	and2_1	cell2	mac_island_cell2	kernel_emitted
cell2.g175	and2_1	cell2	mac_island_cell2	kernel_emitted
cell2.g176	or2_1	cell2	mac_island_cell2	kernel_emitted
cell2.g177	xor2_1	cell2	mac_island_cell2	kernel_emitted
cell2.g178	xor2_1	cell2	mac_island_cell2	kernel_emitted
cell2.g179	and2_1	cell2	mac_island_cell2	kernel_emitted
cell2.g180	and2_1	cell2	mac_island_cell2	kernel_emitted
cell2.g181	or2_1	cell2	mac_island_cell2	kernel_emitted
cell2.g182	xor2_1	cell2	mac_island_cell2	kernel_emitted
cell2.g183	xor2_1	cell2	mac_island_cell2	kernel_emitted
cell2.g184	and2_1	cell2	mac_island_cell2	kernel_emitted
cell2.g185	and2_1	cell2	mac_island_cell2	kernel_emitted
cell2.g186	or2_1	cell2	mac_island_cell2	kernel_emitted
cell2.g187	xor2_1	cell2	mac_island_cell2	kernel_emitted
cell2.g188	xor2_1	cell2	mac_island_cell2	kernel_emitted
cell2.g189	and2_1	cell2	mac_island_cell2	kernel_emitted
cell2.g190	and2_1	cell2	mac_island_cell2	kernel_emitted
cell2.g191	or2_1	cell2	mac_island_cell2	kernel_emitted
cell2.g192	xor2_1	cell2	mac_island_cell2	kernel_emitted
cell2.g193	xor2_1	cell2	mac_island_cell2	kernel_emitted
cell2.g194	and2_1	cell2	mac_island_cell2	kernel_emitted
cell2.g195	and2_1	cell2	mac_island_cell2	kernel_emitted
cell2.g196	or2_1	cell2	mac_island_cell2	kernel_emitted
cell2.g197	xor2_1	cell2	mac_island_cell2	kernel_emitted
cell2.g198	xor2_1	cell2	mac_island_cell2	kernel_emitted
cell2.g199	and2_1	cell2	mac_island_cell2	kernel_emitted
cell2.g200	and2_1	cell2	mac_island_cell2	kernel_emitted
cell2.g201	or2_1	cell2	mac_island_cell2	kernel_emitted
cell2.g202	xor2_1	cell2	mac_island_cell2	kernel_emitted
cell2.g203	xor2_1	cell2	mac_island_cell2	kernel_emitted
cell2.g204	and2_1	cell2	mac_island_cell2	kernel_emitted
cell2.g205	and2_1	cell2	mac_island_cell2	kernel_emitted
cell2.g206	or2_1	cell2	mac_island_cell2	kernel_emitted
cell2.g207	xor2_1	cell2	mac_island_cell2	kernel_emitted
cell2.g208	xor2_1	cell2	mac_island_cell2	kernel_emitted
cell2.g209	and2_1	cell2	mac_island_cell2	kernel_emitted
cell2.g210	and2_1	cell2	mac_island_cell2	kernel_emitted
cell2.g211	or2_1	cell2	mac_island_cell2	kernel_emitted
cell2.g212	xor2_1	cell2	mac_island_cell2	kernel_emitted
cell2.g213	xor2_1	cell2	mac_island_cell2	kernel_emitted
cell2.g214	and2_1	cell2	mac_island_cell2	kernel_emitted
cell2.g215	and2_1	cell2	mac_island_cell2	kernel_emitted
cell2.g216	or2_1	cell2	mac_island_cell2	kernel_emitted
cell2.g217	xor2_1	cell2	mac_island_cell2	kernel_emitted
cell2.g218	xor2_1	cell2	mac_island_cell2	kernel_emitted
cell2.g219	and2_1	cell2	mac_island_cell2	kernel_emitted
cell2.g220	and2_1	cell2	mac_island_cell2	kernel_emitted
cell2.g221	or2_1	cell2	mac_island_cell2	kernel_emitted
cell2.g222	xor2_1	cell2	mac_island_cell2	kernel_emitted
cell2.g223	xor2_1	cell2	mac_island_cell2	kernel_emitted
cell2.g224	and2_1	cell2	mac_island_cell2	kernel_emitted
cell2.g225	and2_1	cell2	mac_island_cell2	kernel_emitted
cell2.g226	or2_1	cell2	mac_island_cell2	kernel_emitted
cell2.g227	xor2_1	cell2	mac_island_cell2	kernel_emitted
cell2.g228	xor2_1	cell2	mac_island_cell2	kernel_emitted
cell2.g229	and2_1	cell2	mac_island_cell2	kernel_emitted
cell2.g230	and2_1	cell2	mac_island_cell2	kernel_emitted
cell2.g231	or2_1	cell2	mac_island_cell2	kernel_emitted
cell2.g232	xor2_1	cell2	mac_island_cell2	kernel_emitted
cell2.g233	xor2_1	cell2	mac_island_cell2	kernel_emitted
cell2.g234	and2_1	cell2	mac_island_cell2	kernel_emitted
cell2.g235	and2_1	cell2	mac_island_cell2	kernel_emitted
cell2.g236	or2_1	cell2	mac_island_cell2	kernel_emitted
cell2.g237	xor2_1	cell2	mac_island_cell2	kernel_emitted
cell2.g238	xor2_1	cell2	mac_island_cell2	kernel_emitted
cell2.g239	and2_1	cell2	mac_island_cell2	kernel_emitted
cell2.g240	and2_1	cell2	mac_island_cell2	kernel_emitted
cell2.g241	or2_1	cell2	mac_island_cell2	kernel_emitted
cell2.g242	xor2_1	cell2	mac_island_cell2	kernel_emitted
cell2.g243	xor2_1	cell2	mac_island_cell2	kernel_emitted
cell2.g244	and2_1	cell2	mac_island_cell2	kernel_emitted
cell2.g245	and2_1	cell2	mac_island_cell2	kernel_emitted
cell2.g246	or2_1	cell2	mac_island_cell2	kernel_emitted
cell2.g247	xor2_1	cell2	mac_island_cell2	kernel_emitted
cell2.g248	xor2_1	cell2	mac_island_cell2	kernel_emitted
cell2.g249	and2_1	cell2	mac_island_cell2	kernel_emitted
cell2.g250	and2_1	cell2	mac_island_cell2	kernel_emitted
cell2.g251	or2_1	cell2	mac_island_cell2	kernel_emitted
cell2.g252	xor2_1	cell2	mac_island_cell2	kernel_emitted
cell2.g253	xor2_1	cell2	mac_island_cell2	kernel_emitted
cell2.g254	and2_1	cell2	mac_island_cell2	kernel_emitted
cell2.g255	and2_1	cell2	mac_island_cell2	kernel_emitted
cell2.g256	or2_1	cell2	mac_island_cell2	kernel_emitted
cell2.g257	xor2_1	cell2	mac_island_cell2	kernel_emitted
cell2.g258	xor2_1	cell2	mac_island_cell2	kernel_emitted
cell2.g259	and2_1	cell2	mac_island_cell2	kernel_emitted
cell2.g260	and2_1	cell2	mac_island_cell2	kernel_emitted
cell2.g261	or2_1	cell2	mac_island_cell2	kernel_emitted
cell2.g262	xor2_1	cell2	mac_island_cell2	kernel_emitted
cell2.g263	xor2_1	cell2	mac_island_cell2	kernel_emitted
cell2.g264	and2_1	cell2	mac_island_cell2	kernel_emitted
cell2.g265	and2_1	cell2	mac_island_cell2	kernel_emitted
cell2.g266	or2_1	cell2	mac_island_cell2	kernel_emitted
cell2.g267	xor2_1	cell2	mac_island_cell2	kernel_emitted
cell2.g268	xor2_1	cell2	mac_island_cell2	kernel_emitted
cell2.g269	and2_1	cell2	mac_island_cell2	kernel_emitted
cell2.g270	and2_1	cell2	mac_island_cell2	kernel_emitted
cell2.g271	or2_1	cell2	mac_island_cell2	kernel_emitted
cell2.g272	xor2_1	cell2	mac_island_cell2	kernel_emitted
cell2.g273	xor2_1	cell2	mac_island_cell2	kernel_emitted
cell2.g274	and2_1	cell2	mac_island_cell2	kernel_emitted
cell2.g275	and2_1	cell2	mac_island_cell2	kernel_emitted
cell2.g276	or2_1	cell2	mac_island_cell2	kernel_emitted
cell2.g277	xor2_1	cell2	mac_island_cell2	kernel_emitted
cell2.g278	xor2_1	cell2	mac_island_cell2	kernel_emitted
cell2.g279	and2_1	cell2	mac_island_cell2	kernel_emitted
cell2.g280	and2_1	cell2	mac_island_cell2	kernel_emitted
cell2.g281	or2_1	cell2	mac_island_cell2	kernel_emitted
cell2.g282	xor2_1	cell2	mac_island_cell2	kernel_emitted
cell2.g283	xor2_1	cell2	mac_island_cell2	kernel_emitted
cell2.g284	and2_1	cell2	mac_island_cell2	kernel_emitted
cell2.g285	and2_1	cell2	mac_island_cell2	kernel_emitted
cell2.g286	or2_1	cell2	mac_island_cell2	kernel_emitted
cell2.g287	xor2_1	cell2	mac_island_cell2	kernel_emitted
cell2.g288	xor2_1	cell2	mac_island_cell2	kernel_emitted
cell2.g67	and2_1	cell2	mac_island_cell2	kernel_emitted
cell2.g68	and2_1	cell2	mac_island_cell2	kernel_emitted
cell2.g69	and2_1	cell2	mac_island_cell2	kernel_emitted
cell2.g70	and2_1	cell2	mac_island_cell2	kernel_emitted
cell2.g71	and2_1	cell2	mac_island_cell2	kernel_emitted
cell2.g72	and2_1	cell2	mac_island_cell2	kernel_emitted
cell2.g73	and2_1	cell2	mac_island_cell2	kernel_emitted
cell2.g74	and2_1	cell2	mac_island_cell2	kernel_emitted
cell2.g75	and2_1	cell2	mac_island_cell2	kernel_emitted
cell2.g76	and2_1	cell2	mac_island_cell2	kernel_emitted
cell2.g77	and2_1	cell2	mac_island_cell2	kernel_emitted
cell2.g78	and2_1	cell2	mac_island_cell2	kernel_emitted
cell2.g79	and2_1	cell2	mac_island_cell2	kernel_emitted
cell2.g80	and2_1	cell2	mac_island_cell2	kernel_emitted
cell2.g81	and2_1	cell2	mac_island_cell2	kernel_emitted
cell2.g82	and2_1	cell2	mac_island_cell2	kernel_emitted
cell2.g83	and2_1	cell2	mac_island_cell2	kernel_emitted
cell2.g84	and2_1	cell2	mac_island_cell2	kernel_emitted
cell2.g85	and2_1	cell2	mac_island_cell2	kernel_emitted
cell2.g86	and2_1	cell2	mac_island_cell2	kernel_emitted
cell2.g87	and2_1	cell2	mac_island_cell2	kernel_emitted
cell2.g88	and2_1	cell2	mac_island_cell2	kernel_emitted
cell2.g89	and2_1	cell2	mac_island_cell2	kernel_emitted
cell2.g90	and2_1	cell2	mac_island_cell2	kernel_emitted
cell2.g91	and2_1	cell2	mac_island_cell2	kernel_emitted
cell2.g92	and2_1	cell2	mac_island_cell2	kernel_emitted
cell2.g93	and2_1	cell2	mac_island_cell2	kernel_emitted
cell2.g94	and2_1	cell2	mac_island_cell2	kernel_emitted
cell2.g95	and2_1	cell2	mac_island_cell2	kernel_emitted
cell2.g96	and2_1	cell2	mac_island_cell2	kernel_emitted
cell2.g97	and2_1	cell2	mac_island_cell2	kernel_emitted
cell2.g98	and2_1	cell2	mac_island_cell2	kernel_emitted
cell2.g99	and2_1	cell2	mac_island_cell2	kernel_emitted
cell2.gnclr	inv_1	cell2	mac_island_cell2	kernel_emitted
cell2.m0	mux2_1	cell2	mac_island_cell2	kernel_emitted
cell2.m1	mux2_1	cell2	mac_island_cell2	kernel_emitted
cell2.m10	mux2_1	cell2	mac_island_cell2	kernel_emitted
cell2.m11	mux2_1	cell2	mac_island_cell2	kernel_emitted
cell2.m12	mux2_1	cell2	mac_island_cell2	kernel_emitted
cell2.m13	mux2_1	cell2	mac_island_cell2	kernel_emitted
cell2.m14	mux2_1	cell2	mac_island_cell2	kernel_emitted
cell2.m15	mux2_1	cell2	mac_island_cell2	kernel_emitted
cell2.m16	mux2_1	cell2	mac_island_cell2	kernel_emitted
cell2.m17	mux2_1	cell2	mac_island_cell2	kernel_emitted
cell2.m18	mux2_1	cell2	mac_island_cell2	kernel_emitted
cell2.m19	mux2_1	cell2	mac_island_cell2	kernel_emitted
cell2.m2	mux2_1	cell2	mac_island_cell2	kernel_emitted
cell2.m20	mux2_1	cell2	mac_island_cell2	kernel_emitted
cell2.m21	mux2_1	cell2	mac_island_cell2	kernel_emitted
cell2.m22	mux2_1	cell2	mac_island_cell2	kernel_emitted
cell2.m23	mux2_1	cell2	mac_island_cell2	kernel_emitted
cell2.m24	mux2_1	cell2	mac_island_cell2	kernel_emitted
cell2.m25	mux2_1	cell2	mac_island_cell2	kernel_emitted
cell2.m26	mux2_1	cell2	mac_island_cell2	kernel_emitted
cell2.m27	mux2_1	cell2	mac_island_cell2	kernel_emitted
cell2.m28	mux2_1	cell2	mac_island_cell2	kernel_emitted
cell2.m29	mux2_1	cell2	mac_island_cell2	kernel_emitted
cell2.m3	mux2_1	cell2	mac_island_cell2	kernel_emitted
cell2.m30	mux2_1	cell2	mac_island_cell2	kernel_emitted
cell2.m31	mux2_1	cell2	mac_island_cell2	kernel_emitted
cell2.m32	mux2_1	cell2	mac_island_cell2	kernel_emitted
cell2.m33	mux2_1	cell2	mac_island_cell2	kernel_emitted
cell2.m34	mux2_1	cell2	mac_island_cell2	kernel_emitted
cell2.m35	mux2_1	cell2	mac_island_cell2	kernel_emitted
cell2.m36	mux2_1	cell2	mac_island_cell2	kernel_emitted
cell2.m37	mux2_1	cell2	mac_island_cell2	kernel_emitted
cell2.m38	mux2_1	cell2	mac_island_cell2	kernel_emitted
cell2.m39	mux2_1	cell2	mac_island_cell2	kernel_emitted
cell2.m4	mux2_1	cell2	mac_island_cell2	kernel_emitted
cell2.m40	mux2_1	cell2	mac_island_cell2	kernel_emitted
cell2.m41	mux2_1	cell2	mac_island_cell2	kernel_emitted
cell2.m42	mux2_1	cell2	mac_island_cell2	kernel_emitted
cell2.m43	mux2_1	cell2	mac_island_cell2	kernel_emitted
cell2.m44	mux2_1	cell2	mac_island_cell2	kernel_emitted
cell2.m45	mux2_1	cell2	mac_island_cell2	kernel_emitted
cell2.m46	mux2_1	cell2	mac_island_cell2	kernel_emitted
cell2.m47	mux2_1	cell2	mac_island_cell2	kernel_emitted
cell2.m48	mux2_1	cell2	mac_island_cell2	kernel_emitted
cell2.m49	mux2_1	cell2	mac_island_cell2	kernel_emitted
cell2.m5	mux2_1	cell2	mac_island_cell2	kernel_emitted
cell2.m50	mux2_1	cell2	mac_island_cell2	kernel_emitted
cell2.m51	mux2_1	cell2	mac_island_cell2	kernel_emitted
cell2.m52	mux2_1	cell2	mac_island_cell2	kernel_emitted
cell2.m53	mux2_1	cell2	mac_island_cell2	kernel_emitted
cell2.m54	mux2_1	cell2	mac_island_cell2	kernel_emitted
cell2.m55	mux2_1	cell2	mac_island_cell2	kernel_emitted
cell2.m56	mux2_1	cell2	mac_island_cell2	kernel_emitted
cell2.m57	mux2_1	cell2	mac_island_cell2	kernel_emitted
cell2.m58	mux2_1	cell2	mac_island_cell2	kernel_emitted
cell2.m59	mux2_1	cell2	mac_island_cell2	kernel_emitted
cell2.m6	mux2_1	cell2	mac_island_cell2	kernel_emitted
cell2.m60	mux2_1	cell2	mac_island_cell2	kernel_emitted
cell2.m61	mux2_1	cell2	mac_island_cell2	kernel_emitted
cell2.m62	mux2_1	cell2	mac_island_cell2	kernel_emitted
cell2.m63	mux2_1	cell2	mac_island_cell2	kernel_emitted
cell2.m7	mux2_1	cell2	mac_island_cell2	kernel_emitted
cell2.m8	mux2_1	cell2	mac_island_cell2	kernel_emitted
cell2.m9	mux2_1	cell2	mac_island_cell2	kernel_emitted
cell2.q0	dfxtp_2	cell2	mac_island_cell2	kernel_emitted
cell2.q1	dfxtp_2	cell2	mac_island_cell2	kernel_emitted
cell2.q10	dfxtp_2	cell2	mac_island_cell2	kernel_emitted
cell2.q11	dfxtp_2	cell2	mac_island_cell2	kernel_emitted
cell2.q12	dfxtp_2	cell2	mac_island_cell2	kernel_emitted
cell2.q13	dfxtp_2	cell2	mac_island_cell2	kernel_emitted
cell2.q14	dfxtp_2	cell2	mac_island_cell2	kernel_emitted
cell2.q15	dfxtp_2	cell2	mac_island_cell2	kernel_emitted
cell2.q16	dfxtp_2	cell2	mac_island_cell2	kernel_emitted
cell2.q17	dfxtp_2	cell2	mac_island_cell2	kernel_emitted
cell2.q18	dfxtp_2	cell2	mac_island_cell2	kernel_emitted
cell2.q19	dfxtp_2	cell2	mac_island_cell2	kernel_emitted
cell2.q2	dfxtp_2	cell2	mac_island_cell2	kernel_emitted
cell2.q20	dfxtp_2	cell2	mac_island_cell2	kernel_emitted
cell2.q21	dfxtp_2	cell2	mac_island_cell2	kernel_emitted
cell2.q22	dfxtp_2	cell2	mac_island_cell2	kernel_emitted
cell2.q23	dfxtp_2	cell2	mac_island_cell2	kernel_emitted
cell2.q24	dfxtp_2	cell2	mac_island_cell2	kernel_emitted
cell2.q25	dfxtp_2	cell2	mac_island_cell2	kernel_emitted
cell2.q26	dfxtp_2	cell2	mac_island_cell2	kernel_emitted
cell2.q27	dfxtp_2	cell2	mac_island_cell2	kernel_emitted
cell2.q28	dfxtp_2	cell2	mac_island_cell2	kernel_emitted
cell2.q29	dfxtp_2	cell2	mac_island_cell2	kernel_emitted
cell2.q3	dfxtp_2	cell2	mac_island_cell2	kernel_emitted
cell2.q30	dfxtp_2	cell2	mac_island_cell2	kernel_emitted
cell2.q31	dfxtp_2	cell2	mac_island_cell2	kernel_emitted
cell2.q32	dfxtp_2	cell2	mac_island_cell2	kernel_emitted
cell2.q33	dfxtp_2	cell2	mac_island_cell2	kernel_emitted
cell2.q34	dfxtp_2	cell2	mac_island_cell2	kernel_emitted
cell2.q35	dfxtp_2	cell2	mac_island_cell2	kernel_emitted
cell2.q36	dfxtp_2	cell2	mac_island_cell2	kernel_emitted
cell2.q37	dfxtp_2	cell2	mac_island_cell2	kernel_emitted
cell2.q38	dfxtp_2	cell2	mac_island_cell2	kernel_emitted
cell2.q39	dfxtp_2	cell2	mac_island_cell2	kernel_emitted
cell2.q4	dfxtp_2	cell2	mac_island_cell2	kernel_emitted
cell2.q40	dfxtp_2	cell2	mac_island_cell2	kernel_emitted
cell2.q41	dfxtp_2	cell2	mac_island_cell2	kernel_emitted
cell2.q42	dfxtp_2	cell2	mac_island_cell2	kernel_emitted
cell2.q43	dfxtp_2	cell2	mac_island_cell2	kernel_emitted
cell2.q44	dfxtp_2	cell2	mac_island_cell2	kernel_emitted
cell2.q45	dfxtp_2	cell2	mac_island_cell2	kernel_emitted
cell2.q46	dfxtp_2	cell2	mac_island_cell2	kernel_emitted
cell2.q47	dfxtp_2	cell2	mac_island_cell2	kernel_emitted
cell2.q48	dfxtp_2	cell2	mac_island_cell2	kernel_emitted
cell2.q49	dfxtp_2	cell2	mac_island_cell2	kernel_emitted
cell2.q5	dfxtp_2	cell2	mac_island_cell2	kernel_emitted
cell2.q50	dfxtp_2	cell2	mac_island_cell2	kernel_emitted
cell2.q51	dfxtp_2	cell2	mac_island_cell2	kernel_emitted
cell2.q52	dfxtp_2	cell2	mac_island_cell2	kernel_emitted
cell2.q53	dfxtp_2	cell2	mac_island_cell2	kernel_emitted
cell2.q54	dfxtp_2	cell2	mac_island_cell2	kernel_emitted
cell2.q55	dfxtp_2	cell2	mac_island_cell2	kernel_emitted
cell2.q56	dfxtp_2	cell2	mac_island_cell2	kernel_emitted
cell2.q57	dfxtp_2	cell2	mac_island_cell2	kernel_emitted
cell2.q58	dfxtp_2	cell2	mac_island_cell2	kernel_emitted
cell2.q59	dfxtp_2	cell2	mac_island_cell2	kernel_emitted
cell2.q6	dfxtp_2	cell2	mac_island_cell2	kernel_emitted
cell2.q60	dfxtp_2	cell2	mac_island_cell2	kernel_emitted
cell2.q61	dfxtp_2	cell2	mac_island_cell2	kernel_emitted
cell2.q62	dfxtp_2	cell2	mac_island_cell2	kernel_emitted
cell2.q63	dfxtp_2	cell2	mac_island_cell2	kernel_emitted
cell2.q7	dfxtp_2	cell2	mac_island_cell2	kernel_emitted
cell2.q8	dfxtp_2	cell2	mac_island_cell2	kernel_emitted
cell2.q9	dfxtp_2	cell2	mac_island_cell2	kernel_emitted
clkbuf_0_clk	clkbuf_16		clock_tree	tool_inserted_cts
clkbuf_4_0_0_clk	clkbuf_8		clock_tree	tool_inserted_cts
clkbuf_4_10_0_clk	clkbuf_8		clock_tree	tool_inserted_cts
clkbuf_4_11_0_clk	clkbuf_8		clock_tree	tool_inserted_cts
clkbuf_4_12_0_clk	clkbuf_8		clock_tree	tool_inserted_cts
clkbuf_4_13_0_clk	clkbuf_8		clock_tree	tool_inserted_cts
clkbuf_4_14_0_clk	clkbuf_8		clock_tree	tool_inserted_cts
clkbuf_4_15_0_clk	clkbuf_8		clock_tree	tool_inserted_cts
clkbuf_4_1_0_clk	clkbuf_8		clock_tree	tool_inserted_cts
clkbuf_4_2_0_clk	clkbuf_8		clock_tree	tool_inserted_cts
clkbuf_4_3_0_clk	clkbuf_8		clock_tree	tool_inserted_cts
clkbuf_4_4_0_clk	clkbuf_8		clock_tree	tool_inserted_cts
clkbuf_4_5_0_clk	clkbuf_8		clock_tree	tool_inserted_cts
clkbuf_4_6_0_clk	clkbuf_8		clock_tree	tool_inserted_cts
clkbuf_4_7_0_clk	clkbuf_8		clock_tree	tool_inserted_cts
clkbuf_4_8_0_clk	clkbuf_8		clock_tree	tool_inserted_cts
clkbuf_4_9_0_clk	clkbuf_8		clock_tree	tool_inserted_cts
clkbuf_leaf_0_clk	clkbuf_8		clock_tree	tool_inserted_cts
clkbuf_leaf_10_clk	clkbuf_8		clock_tree	tool_inserted_cts
clkbuf_leaf_11_clk	clkbuf_8		clock_tree	tool_inserted_cts
clkbuf_leaf_12_clk	clkbuf_8		clock_tree	tool_inserted_cts
clkbuf_leaf_13_clk	clkbuf_8		clock_tree	tool_inserted_cts
clkbuf_leaf_14_clk	clkbuf_8		clock_tree	tool_inserted_cts
clkbuf_leaf_15_clk	clkbuf_8		clock_tree	tool_inserted_cts
clkbuf_leaf_16_clk	clkbuf_8		clock_tree	tool_inserted_cts
clkbuf_leaf_17_clk	clkbuf_8		clock_tree	tool_inserted_cts
clkbuf_leaf_18_clk	clkbuf_8		clock_tree	tool_inserted_cts
clkbuf_leaf_19_clk	clkbuf_8		clock_tree	tool_inserted_cts
clkbuf_leaf_1_clk	clkbuf_8		clock_tree	tool_inserted_cts
clkbuf_leaf_20_clk	clkbuf_8		clock_tree	tool_inserted_cts
clkbuf_leaf_21_clk	clkbuf_8		clock_tree	tool_inserted_cts
clkbuf_leaf_22_clk	clkbuf_8		clock_tree	tool_inserted_cts
clkbuf_leaf_23_clk	clkbuf_8		clock_tree	tool_inserted_cts
clkbuf_leaf_24_clk	clkbuf_8		clock_tree	tool_inserted_cts
clkbuf_leaf_25_clk	clkbuf_8		clock_tree	tool_inserted_cts
clkbuf_leaf_26_clk	clkbuf_8		clock_tree	tool_inserted_cts
clkbuf_leaf_27_clk	clkbuf_8		clock_tree	tool_inserted_cts
clkbuf_leaf_28_clk	clkbuf_8		clock_tree	tool_inserted_cts
clkbuf_leaf_29_clk	clkbuf_8		clock_tree	tool_inserted_cts
clkbuf_leaf_2_clk	clkbuf_8		clock_tree	tool_inserted_cts
clkbuf_leaf_30_clk	clkbuf_8		clock_tree	tool_inserted_cts
clkbuf_leaf_31_clk	clkbuf_8		clock_tree	tool_inserted_cts
clkbuf_leaf_32_clk	clkbuf_8		clock_tree	tool_inserted_cts
clkbuf_leaf_33_clk	clkbuf_8		clock_tree	tool_inserted_cts
clkbuf_leaf_34_clk	clkbuf_8		clock_tree	tool_inserted_cts
clkbuf_leaf_35_clk	clkbuf_8		clock_tree	tool_inserted_cts
clkbuf_leaf_36_clk	clkbuf_8		clock_tree	tool_inserted_cts
clkbuf_leaf_37_clk	clkbuf_8		clock_tree	tool_inserted_cts
clkbuf_leaf_38_clk	clkbuf_8		clock_tree	tool_inserted_cts
clkbuf_leaf_39_clk	clkbuf_8		clock_tree	tool_inserted_cts
clkbuf_leaf_3_clk	clkbuf_8		clock_tree	tool_inserted_cts
clkbuf_leaf_40_clk	clkbuf_8		clock_tree	tool_inserted_cts
clkbuf_leaf_41_clk	clkbuf_8		clock_tree	tool_inserted_cts
clkbuf_leaf_42_clk	clkbuf_8		clock_tree	tool_inserted_cts
clkbuf_leaf_43_clk	clkbuf_8		clock_tree	tool_inserted_cts
clkbuf_leaf_44_clk	clkbuf_8		clock_tree	tool_inserted_cts
clkbuf_leaf_45_clk	clkbuf_8		clock_tree	tool_inserted_cts
clkbuf_leaf_46_clk	clkbuf_8		clock_tree	tool_inserted_cts
clkbuf_leaf_47_clk	clkbuf_8		clock_tree	tool_inserted_cts
clkbuf_leaf_48_clk	clkbuf_8		clock_tree	tool_inserted_cts
clkbuf_leaf_49_clk	clkbuf_8		clock_tree	tool_inserted_cts
clkbuf_leaf_4_clk	clkbuf_8		clock_tree	tool_inserted_cts
clkbuf_leaf_50_clk	clkbuf_8		clock_tree	tool_inserted_cts
clkbuf_leaf_51_clk	clkbuf_8		clock_tree	tool_inserted_cts
clkbuf_leaf_52_clk	clkbuf_8		clock_tree	tool_inserted_cts
clkbuf_leaf_53_clk	clkbuf_8		clock_tree	tool_inserted_cts
clkbuf_leaf_54_clk	clkbuf_8		clock_tree	tool_inserted_cts
clkbuf_leaf_55_clk	clkbuf_8		clock_tree	tool_inserted_cts
clkbuf_leaf_56_clk	clkbuf_8		clock_tree	tool_inserted_cts
clkbuf_leaf_57_clk	clkbuf_8		clock_tree	tool_inserted_cts
clkbuf_leaf_58_clk	clkbuf_8		clock_tree	tool_inserted_cts
clkbuf_leaf_59_clk	clkbuf_8		clock_tree	tool_inserted_cts
clkbuf_leaf_5_clk	clkbuf_8		clock_tree	tool_inserted_cts
clkbuf_leaf_60_clk	clkbuf_8		clock_tree	tool_inserted_cts
clkbuf_leaf_61_clk	clkbuf_8		clock_tree	tool_inserted_cts
clkbuf_leaf_62_clk	clkbuf_8		clock_tree	tool_inserted_cts
clkbuf_leaf_63_clk	clkbuf_8		clock_tree	tool_inserted_cts
clkbuf_leaf_64_clk	clkbuf_8		clock_tree	tool_inserted_cts
clkbuf_leaf_65_clk	clkbuf_8		clock_tree	tool_inserted_cts
clkbuf_leaf_66_clk	clkbuf_8		clock_tree	tool_inserted_cts
clkbuf_leaf_67_clk	clkbuf_8		clock_tree	tool_inserted_cts
clkbuf_leaf_68_clk	clkbuf_8		clock_tree	tool_inserted_cts
clkbuf_leaf_69_clk	clkbuf_8		clock_tree	tool_inserted_cts
clkbuf_leaf_6_clk	clkbuf_8		clock_tree	tool_inserted_cts
clkbuf_leaf_70_clk	clkbuf_8		clock_tree	tool_inserted_cts
clkbuf_leaf_71_clk	clkbuf_8		clock_tree	tool_inserted_cts
clkbuf_leaf_72_clk	clkbuf_8		clock_tree	tool_inserted_cts
clkbuf_leaf_73_clk	clkbuf_8		clock_tree	tool_inserted_cts
clkbuf_leaf_74_clk	clkbuf_8		clock_tree	tool_inserted_cts
clkbuf_leaf_75_clk	clkbuf_8		clock_tree	tool_inserted_cts
clkbuf_leaf_76_clk	clkbuf_8		clock_tree	tool_inserted_cts
clkbuf_leaf_77_clk	clkbuf_8		clock_tree	tool_inserted_cts
clkbuf_leaf_78_clk	clkbuf_8		clock_tree	tool_inserted_cts
clkbuf_leaf_7_clk	clkbuf_8		clock_tree	tool_inserted_cts
clkbuf_leaf_8_clk	clkbuf_8		clock_tree	tool_inserted_cts
clkbuf_leaf_9_clk	clkbuf_8		clock_tree	tool_inserted_cts
clkload0	clkbuf_8		clock_tree	tool_inserted_cts
clkload1	clkbuf_8		clock_tree	tool_inserted_cts
clkload10	clkbuf_4		clock_tree	tool_inserted_cts
clkload11	bufinv_16		core_combinational	agent_written
clkload12	clkbuf_4		clock_tree	tool_inserted_cts
clkload13	clkbuf_4		clock_tree	tool_inserted_cts
clkload14	clkbuf_8		clock_tree	tool_inserted_cts
clkload15	clkbuf_4		clock_tree	tool_inserted_cts
clkload16	bufinv_16		core_combinational	agent_written
clkload17	clkbuf_8		clock_tree	tool_inserted_cts
clkload18	clkbuf_8		clock_tree	tool_inserted_cts
clkload19	bufinv_16		core_combinational	agent_written
clkload2	clkbuf_4		clock_tree	tool_inserted_cts
clkload20	clkbuf_4		clock_tree	tool_inserted_cts
clkload21	clkbuf_8		clock_tree	tool_inserted_cts
clkload22	clkbuf_4		clock_tree	tool_inserted_cts
clkload23	clkbuf_4		clock_tree	tool_inserted_cts
clkload24	clkbuf_4		clock_tree	tool_inserted_cts
clkload25	clkinv_4		clock_tree	tool_inserted_cts
clkload26	clkbuf_4		clock_tree	tool_inserted_cts
clkload27	clkbuf_8		clock_tree	tool_inserted_cts
clkload28	clkbuf_4		clock_tree	tool_inserted_cts
clkload29	clkbuf_8		clock_tree	tool_inserted_cts
clkload3	clkbuf_4		clock_tree	tool_inserted_cts
clkload30	clkbuf_8		clock_tree	tool_inserted_cts
clkload31	clkbuf_8		clock_tree	tool_inserted_cts
clkload32	clkbuf_4		clock_tree	tool_inserted_cts
clkload33	clkbuf_4		clock_tree	tool_inserted_cts
clkload34	clkbuf_4		clock_tree	tool_inserted_cts
clkload35	clkbuf_8		clock_tree	tool_inserted_cts
clkload36	clkbuf_4		clock_tree	tool_inserted_cts
clkload37	clkbuf_4		clock_tree	tool_inserted_cts
clkload38	clkbuf_8		clock_tree	tool_inserted_cts
clkload39	clkbuf_8		clock_tree	tool_inserted_cts
clkload4	clkbuf_8		clock_tree	tool_inserted_cts
clkload40	inv_6		core_combinational	agent_written
clkload41	clkbuf_4		clock_tree	tool_inserted_cts
clkload5	clkbuf_4		clock_tree	tool_inserted_cts
clkload6	clkbuf_4		clock_tree	tool_inserted_cts
clkload7	clkbuf_4		clock_tree	tool_inserted_cts
clkload8	clkbuf_4		clock_tree	tool_inserted_cts
clkload9	bufinv_16		core_combinational	agent_written
fanout100	clkdlybuf4s25_1		clock_tree	tool_inserted_cts
fanout101	clkdlybuf4s25_1		clock_tree	tool_inserted_cts
fanout102	clkdlybuf4s25_1		clock_tree	tool_inserted_cts
fanout103	clkdlybuf4s25_1		clock_tree	tool_inserted_cts
fanout104	clkdlybuf4s25_1		clock_tree	tool_inserted_cts
fanout106	clkdlybuf4s25_1		clock_tree	tool_inserted_cts
fanout107	clkdlybuf4s25_1		clock_tree	tool_inserted_cts
fanout109	clkdlybuf4s25_1		clock_tree	tool_inserted_cts
fanout110	clkdlybuf4s25_1		clock_tree	tool_inserted_cts
fanout111	clkdlybuf4s25_1		clock_tree	tool_inserted_cts
fanout112	clkdlybuf4s25_1		clock_tree	tool_inserted_cts
fanout113	clkdlybuf4s25_1		clock_tree	tool_inserted_cts
fanout114	clkdlybuf4s25_1		clock_tree	tool_inserted_cts
fanout116	clkdlybuf4s25_1		clock_tree	tool_inserted_cts
fanout117	clkdlybuf4s25_1		clock_tree	tool_inserted_cts
fanout119	clkdlybuf4s25_1		clock_tree	tool_inserted_cts
fanout12	clkdlybuf4s25_1		clock_tree	tool_inserted_cts
fanout120	clkdlybuf4s25_1		clock_tree	tool_inserted_cts
fanout121	clkdlybuf4s25_1		clock_tree	tool_inserted_cts
fanout122	clkdlybuf4s25_1		clock_tree	tool_inserted_cts
fanout123	clkdlybuf4s25_1		clock_tree	tool_inserted_cts
fanout124	clkdlybuf4s25_1		clock_tree	tool_inserted_cts
fanout126	clkdlybuf4s25_1		clock_tree	tool_inserted_cts
fanout127	clkdlybuf4s25_1		clock_tree	tool_inserted_cts
fanout129	clkdlybuf4s25_1		clock_tree	tool_inserted_cts
fanout13	clkdlybuf4s25_1		clock_tree	tool_inserted_cts
fanout131	clkdlybuf4s25_1		clock_tree	tool_inserted_cts
fanout132	clkdlybuf4s25_1		clock_tree	tool_inserted_cts
fanout133	clkdlybuf4s25_1		clock_tree	tool_inserted_cts
fanout134	clkdlybuf4s25_1		clock_tree	tool_inserted_cts
fanout135	clkdlybuf4s25_1		clock_tree	tool_inserted_cts
fanout137	clkdlybuf4s25_1		clock_tree	tool_inserted_cts
fanout138	clkdlybuf4s25_1		clock_tree	tool_inserted_cts
fanout14	clkdlybuf4s25_1		clock_tree	tool_inserted_cts
fanout140	clkdlybuf4s25_1		clock_tree	tool_inserted_cts
fanout141	clkdlybuf4s25_1		clock_tree	tool_inserted_cts
fanout142	clkdlybuf4s25_1		clock_tree	tool_inserted_cts
fanout143	clkdlybuf4s25_1		clock_tree	tool_inserted_cts
fanout144	clkdlybuf4s25_1		clock_tree	tool_inserted_cts
fanout145	clkdlybuf4s25_1		clock_tree	tool_inserted_cts
fanout147	clkdlybuf4s25_1		clock_tree	tool_inserted_cts
fanout148	clkdlybuf4s25_1		clock_tree	tool_inserted_cts
fanout15	clkdlybuf4s25_1		clock_tree	tool_inserted_cts
fanout150	clkdlybuf4s25_1		clock_tree	tool_inserted_cts
fanout151	clkdlybuf4s25_1		clock_tree	tool_inserted_cts
fanout152	clkdlybuf4s25_1		clock_tree	tool_inserted_cts
fanout153	clkdlybuf4s25_1		clock_tree	tool_inserted_cts
fanout154	clkdlybuf4s25_1		clock_tree	tool_inserted_cts
fanout155	clkdlybuf4s25_1		clock_tree	tool_inserted_cts
fanout157	clkdlybuf4s25_1		clock_tree	tool_inserted_cts
fanout158	clkdlybuf4s25_1		clock_tree	tool_inserted_cts
fanout16	clkdlybuf4s25_1		clock_tree	tool_inserted_cts
fanout160	clkdlybuf4s25_1		clock_tree	tool_inserted_cts
fanout161	clkdlybuf4s25_1		clock_tree	tool_inserted_cts
fanout162	clkdlybuf4s25_1		clock_tree	tool_inserted_cts
fanout163	clkdlybuf4s25_1		clock_tree	tool_inserted_cts
fanout164	clkdlybuf4s25_1		clock_tree	tool_inserted_cts
fanout165	clkdlybuf4s25_1		clock_tree	tool_inserted_cts
fanout167	clkdlybuf4s25_1		clock_tree	tool_inserted_cts
fanout168	clkdlybuf4s25_1		clock_tree	tool_inserted_cts
fanout17	clkdlybuf4s25_1		clock_tree	tool_inserted_cts
fanout170	clkdlybuf4s25_1		clock_tree	tool_inserted_cts
fanout171	clkdlybuf4s25_1		clock_tree	tool_inserted_cts
fanout172	clkdlybuf4s25_1		clock_tree	tool_inserted_cts
fanout173	clkdlybuf4s25_1		clock_tree	tool_inserted_cts
fanout174	clkdlybuf4s25_1		clock_tree	tool_inserted_cts
fanout175	clkdlybuf4s25_1		clock_tree	tool_inserted_cts
fanout177	clkdlybuf4s25_1		clock_tree	tool_inserted_cts
fanout178	clkdlybuf4s25_1		clock_tree	tool_inserted_cts
fanout179	clkdlybuf4s25_1		clock_tree	tool_inserted_cts
fanout18	clkdlybuf4s25_1		clock_tree	tool_inserted_cts
fanout180	clkdlybuf4s25_1		clock_tree	tool_inserted_cts
fanout181	clkdlybuf4s25_1		clock_tree	tool_inserted_cts
fanout182	clkdlybuf4s25_1		clock_tree	tool_inserted_cts
fanout183	clkdlybuf4s25_1		clock_tree	tool_inserted_cts
fanout184	clkdlybuf4s25_1		clock_tree	tool_inserted_cts
fanout186	clkdlybuf4s25_1		clock_tree	tool_inserted_cts
fanout187	clkdlybuf4s25_1		clock_tree	tool_inserted_cts
fanout189	clkdlybuf4s25_1		clock_tree	tool_inserted_cts
fanout19	clkdlybuf4s25_1		clock_tree	tool_inserted_cts
fanout190	clkdlybuf4s25_1		clock_tree	tool_inserted_cts
fanout191	clkdlybuf4s25_1		clock_tree	tool_inserted_cts
fanout192	clkdlybuf4s25_1		clock_tree	tool_inserted_cts
fanout193	clkdlybuf4s25_1		clock_tree	tool_inserted_cts
fanout194	clkdlybuf4s25_1		clock_tree	tool_inserted_cts
fanout196	clkdlybuf4s25_1		clock_tree	tool_inserted_cts
fanout197	clkdlybuf4s25_1		clock_tree	tool_inserted_cts
fanout199	clkdlybuf4s25_1		clock_tree	tool_inserted_cts
fanout20	clkdlybuf4s25_1		clock_tree	tool_inserted_cts
fanout200	clkdlybuf4s25_1		clock_tree	tool_inserted_cts
fanout201	clkdlybuf4s25_1		clock_tree	tool_inserted_cts
fanout202	clkdlybuf4s25_1		clock_tree	tool_inserted_cts
fanout203	clkdlybuf4s25_1		clock_tree	tool_inserted_cts
fanout204	clkdlybuf4s25_1		clock_tree	tool_inserted_cts
fanout206	clkdlybuf4s25_1		clock_tree	tool_inserted_cts
fanout207	clkdlybuf4s25_1		clock_tree	tool_inserted_cts
fanout209	clkdlybuf4s25_1		clock_tree	tool_inserted_cts
fanout21	clkdlybuf4s25_1		clock_tree	tool_inserted_cts
fanout210	clkdlybuf4s25_1		clock_tree	tool_inserted_cts
fanout211	clkdlybuf4s25_1		clock_tree	tool_inserted_cts
fanout212	clkdlybuf4s25_1		clock_tree	tool_inserted_cts
fanout213	clkdlybuf4s25_1		clock_tree	tool_inserted_cts
fanout214	clkdlybuf4s25_1		clock_tree	tool_inserted_cts
fanout216	clkdlybuf4s25_1		clock_tree	tool_inserted_cts
fanout217	clkdlybuf4s25_1		clock_tree	tool_inserted_cts
fanout219	clkdlybuf4s25_1		clock_tree	tool_inserted_cts
fanout22	clkdlybuf4s25_1		clock_tree	tool_inserted_cts
fanout220	clkdlybuf4s25_1		clock_tree	tool_inserted_cts
fanout221	clkdlybuf4s25_1		clock_tree	tool_inserted_cts
fanout222	clkdlybuf4s25_1		clock_tree	tool_inserted_cts
fanout223	clkdlybuf4s25_1		clock_tree	tool_inserted_cts
fanout224	clkdlybuf4s25_1		clock_tree	tool_inserted_cts
fanout226	clkdlybuf4s25_1		clock_tree	tool_inserted_cts
fanout227	clkdlybuf4s25_1		clock_tree	tool_inserted_cts
fanout229	clkdlybuf4s25_1		clock_tree	tool_inserted_cts
fanout23	clkdlybuf4s25_1		clock_tree	tool_inserted_cts
fanout230	clkdlybuf4s25_1		clock_tree	tool_inserted_cts
fanout231	clkdlybuf4s25_1		clock_tree	tool_inserted_cts
fanout232	clkdlybuf4s25_1		clock_tree	tool_inserted_cts
fanout233	clkdlybuf4s25_1		clock_tree	tool_inserted_cts
fanout234	clkdlybuf4s25_1		clock_tree	tool_inserted_cts
fanout236	clkdlybuf4s25_1		clock_tree	tool_inserted_cts
fanout237	clkdlybuf4s25_1		clock_tree	tool_inserted_cts
fanout239	clkdlybuf4s25_1		clock_tree	tool_inserted_cts
fanout24	clkdlybuf4s25_1		clock_tree	tool_inserted_cts
fanout240	clkdlybuf4s25_1		clock_tree	tool_inserted_cts
fanout241	clkdlybuf4s25_1		clock_tree	tool_inserted_cts
fanout242	clkdlybuf4s25_1		clock_tree	tool_inserted_cts
fanout243	clkdlybuf4s25_1		clock_tree	tool_inserted_cts
fanout244	clkdlybuf4s25_1		clock_tree	tool_inserted_cts
fanout245	clkdlybuf4s25_1		clock_tree	tool_inserted_cts
fanout246	clkdlybuf4s25_1		clock_tree	tool_inserted_cts
fanout248	clkdlybuf4s25_1		clock_tree	tool_inserted_cts
fanout249	clkdlybuf4s25_1		clock_tree	tool_inserted_cts
fanout25	clkdlybuf4s25_1		clock_tree	tool_inserted_cts
fanout251	clkdlybuf4s25_1		clock_tree	tool_inserted_cts
fanout252	clkdlybuf4s25_1		clock_tree	tool_inserted_cts
fanout253	clkdlybuf4s25_1		clock_tree	tool_inserted_cts
fanout254	clkdlybuf4s25_1		clock_tree	tool_inserted_cts
fanout255	clkdlybuf4s25_1		clock_tree	tool_inserted_cts
fanout256	clkdlybuf4s25_1		clock_tree	tool_inserted_cts
fanout257	clkdlybuf4s25_1		clock_tree	tool_inserted_cts
fanout258	clkdlybuf4s25_1		clock_tree	tool_inserted_cts
fanout259	clkdlybuf4s25_1		clock_tree	tool_inserted_cts
fanout26	clkdlybuf4s25_1		clock_tree	tool_inserted_cts
fanout260	clkdlybuf4s25_1		clock_tree	tool_inserted_cts
fanout261	clkdlybuf4s25_1		clock_tree	tool_inserted_cts
fanout262	clkdlybuf4s25_1		clock_tree	tool_inserted_cts
fanout263	clkdlybuf4s25_1		clock_tree	tool_inserted_cts
fanout264	clkdlybuf4s25_1		clock_tree	tool_inserted_cts
fanout265	clkdlybuf4s25_1		clock_tree	tool_inserted_cts
fanout266	clkdlybuf4s25_1		clock_tree	tool_inserted_cts
fanout267	clkdlybuf4s25_1		clock_tree	tool_inserted_cts
fanout268	clkdlybuf4s25_1		clock_tree	tool_inserted_cts
fanout269	clkdlybuf4s25_1		clock_tree	tool_inserted_cts
fanout27	clkdlybuf4s25_1		clock_tree	tool_inserted_cts
fanout270	clkdlybuf4s25_1		clock_tree	tool_inserted_cts
fanout271	clkdlybuf4s25_1		clock_tree	tool_inserted_cts
fanout272	clkdlybuf4s25_1		clock_tree	tool_inserted_cts
fanout273	clkdlybuf4s25_1		clock_tree	tool_inserted_cts
fanout274	clkdlybuf4s25_1		clock_tree	tool_inserted_cts
fanout275	clkdlybuf4s25_1		clock_tree	tool_inserted_cts
fanout276	clkdlybuf4s25_1		clock_tree	tool_inserted_cts
fanout277	clkdlybuf4s25_1		clock_tree	tool_inserted_cts
fanout278	clkdlybuf4s25_1		clock_tree	tool_inserted_cts
fanout279	clkdlybuf4s25_1		clock_tree	tool_inserted_cts
fanout28	clkdlybuf4s25_1		clock_tree	tool_inserted_cts
fanout280	clkdlybuf4s25_1		clock_tree	tool_inserted_cts
fanout281	clkdlybuf4s25_1		clock_tree	tool_inserted_cts
fanout283	clkdlybuf4s25_1		clock_tree	tool_inserted_cts
fanout284	clkdlybuf4s25_1		clock_tree	tool_inserted_cts
fanout286	clkdlybuf4s25_1		clock_tree	tool_inserted_cts
fanout287	clkdlybuf4s25_1		clock_tree	tool_inserted_cts
fanout289	clkdlybuf4s25_1		clock_tree	tool_inserted_cts
fanout29	clkdlybuf4s25_1		clock_tree	tool_inserted_cts
fanout291	clkdlybuf4s25_1		clock_tree	tool_inserted_cts
fanout293	clkdlybuf4s25_1		clock_tree	tool_inserted_cts
fanout297	clkdlybuf4s25_1		clock_tree	tool_inserted_cts
fanout298	clkdlybuf4s25_1		clock_tree	tool_inserted_cts
fanout299	clkdlybuf4s25_1		clock_tree	tool_inserted_cts
fanout30	clkdlybuf4s25_1		clock_tree	tool_inserted_cts
fanout300	clkdlybuf4s25_1		clock_tree	tool_inserted_cts
fanout301	clkdlybuf4s25_1		clock_tree	tool_inserted_cts
fanout302	clkdlybuf4s25_1		clock_tree	tool_inserted_cts
fanout303	clkdlybuf4s25_1		clock_tree	tool_inserted_cts
fanout304	clkdlybuf4s25_1		clock_tree	tool_inserted_cts
fanout305	clkdlybuf4s25_1		clock_tree	tool_inserted_cts
fanout306	clkdlybuf4s25_1		clock_tree	tool_inserted_cts
fanout307	clkdlybuf4s25_1		clock_tree	tool_inserted_cts
fanout308	clkdlybuf4s25_1		clock_tree	tool_inserted_cts
fanout309	clkdlybuf4s25_1		clock_tree	tool_inserted_cts
fanout31	clkdlybuf4s25_1		clock_tree	tool_inserted_cts
fanout311	clkdlybuf4s25_1		clock_tree	tool_inserted_cts
fanout313	clkdlybuf4s25_1		clock_tree	tool_inserted_cts
fanout315	clkdlybuf4s25_1		clock_tree	tool_inserted_cts
fanout316	clkdlybuf4s25_1		clock_tree	tool_inserted_cts
fanout318	clkdlybuf4s25_1		clock_tree	tool_inserted_cts
fanout32	clkdlybuf4s25_1		clock_tree	tool_inserted_cts
fanout320	clkdlybuf4s25_1		clock_tree	tool_inserted_cts
fanout322	clkdlybuf4s25_1		clock_tree	tool_inserted_cts
fanout323	clkdlybuf4s25_1		clock_tree	tool_inserted_cts
fanout324	clkdlybuf4s25_1		clock_tree	tool_inserted_cts
fanout325	clkdlybuf4s25_1		clock_tree	tool_inserted_cts
fanout326	clkdlybuf4s25_1		clock_tree	tool_inserted_cts
fanout327	clkdlybuf4s25_1		clock_tree	tool_inserted_cts
fanout328	clkdlybuf4s25_1		clock_tree	tool_inserted_cts
fanout329	clkdlybuf4s25_1		clock_tree	tool_inserted_cts
fanout33	clkdlybuf4s25_1		clock_tree	tool_inserted_cts
fanout330	clkdlybuf4s25_1		clock_tree	tool_inserted_cts
fanout331	clkdlybuf4s25_1		clock_tree	tool_inserted_cts
fanout332	clkdlybuf4s25_1		clock_tree	tool_inserted_cts
fanout333	clkdlybuf4s25_1		clock_tree	tool_inserted_cts
fanout334	clkdlybuf4s25_1		clock_tree	tool_inserted_cts
fanout335	clkdlybuf4s25_1		clock_tree	tool_inserted_cts
fanout336	clkdlybuf4s25_1		clock_tree	tool_inserted_cts
fanout337	clkdlybuf4s25_1		clock_tree	tool_inserted_cts
fanout338	clkdlybuf4s25_1		clock_tree	tool_inserted_cts
fanout34	clkdlybuf4s25_1		clock_tree	tool_inserted_cts
fanout340	clkdlybuf4s25_1		clock_tree	tool_inserted_cts
fanout341	clkdlybuf4s25_1		clock_tree	tool_inserted_cts
fanout343	clkdlybuf4s25_1		clock_tree	tool_inserted_cts
fanout345	clkdlybuf4s25_1		clock_tree	tool_inserted_cts
fanout347	clkdlybuf4s25_1		clock_tree	tool_inserted_cts
fanout348	clkdlybuf4s25_1		clock_tree	tool_inserted_cts
fanout35	clkdlybuf4s25_1		clock_tree	tool_inserted_cts
fanout350	clkdlybuf4s25_1		clock_tree	tool_inserted_cts
fanout351	clkdlybuf4s25_1		clock_tree	tool_inserted_cts
fanout353	clkdlybuf4s25_1		clock_tree	tool_inserted_cts
fanout354	clkdlybuf4s25_1		clock_tree	tool_inserted_cts
fanout355	clkdlybuf4s25_1		clock_tree	tool_inserted_cts
fanout356	clkdlybuf4s25_1		clock_tree	tool_inserted_cts
fanout357	clkdlybuf4s25_1		clock_tree	tool_inserted_cts
fanout358	clkdlybuf4s25_1		clock_tree	tool_inserted_cts
fanout359	clkdlybuf4s25_1		clock_tree	tool_inserted_cts
fanout36	clkdlybuf4s25_1		clock_tree	tool_inserted_cts
fanout361	clkdlybuf4s25_1		clock_tree	tool_inserted_cts
fanout363	clkdlybuf4s25_1		clock_tree	tool_inserted_cts
fanout365	clkdlybuf4s25_1		clock_tree	tool_inserted_cts
fanout366	clkdlybuf4s25_1		clock_tree	tool_inserted_cts
fanout368	clkdlybuf4s25_1		clock_tree	tool_inserted_cts
fanout37	clkdlybuf4s25_1		clock_tree	tool_inserted_cts
fanout370	clkdlybuf4s25_1		clock_tree	tool_inserted_cts
fanout372	clkdlybuf4s25_1		clock_tree	tool_inserted_cts
fanout374	clkdlybuf4s25_1		clock_tree	tool_inserted_cts
fanout376	clkdlybuf4s25_1		clock_tree	tool_inserted_cts
fanout377	clkdlybuf4s25_1		clock_tree	tool_inserted_cts
fanout379	clkdlybuf4s25_1		clock_tree	tool_inserted_cts
fanout38	clkdlybuf4s25_1		clock_tree	tool_inserted_cts
fanout380	clkdlybuf4s25_1		clock_tree	tool_inserted_cts
fanout381	clkdlybuf4s25_1		clock_tree	tool_inserted_cts
fanout383	clkdlybuf4s25_1		clock_tree	tool_inserted_cts
fanout384	clkdlybuf4s25_1		clock_tree	tool_inserted_cts
fanout386	clkdlybuf4s25_1		clock_tree	tool_inserted_cts
fanout387	clkdlybuf4s25_1		clock_tree	tool_inserted_cts
fanout389	clkdlybuf4s25_1		clock_tree	tool_inserted_cts
fanout39	clkdlybuf4s25_1		clock_tree	tool_inserted_cts
fanout391	clkdlybuf4s25_1		clock_tree	tool_inserted_cts
fanout393	clkdlybuf4s25_1		clock_tree	tool_inserted_cts
fanout395	clkdlybuf4s25_1		clock_tree	tool_inserted_cts
fanout396	clkdlybuf4s25_1		clock_tree	tool_inserted_cts
fanout398	clkdlybuf4s25_1		clock_tree	tool_inserted_cts
fanout399	clkdlybuf4s25_1		clock_tree	tool_inserted_cts
fanout40	clkdlybuf4s25_1		clock_tree	tool_inserted_cts
fanout400	clkdlybuf4s25_1		clock_tree	tool_inserted_cts
fanout401	clkdlybuf4s25_1		clock_tree	tool_inserted_cts
fanout402	clkdlybuf4s25_1		clock_tree	tool_inserted_cts
fanout403	clkdlybuf4s25_1		clock_tree	tool_inserted_cts
fanout404	clkdlybuf4s25_1		clock_tree	tool_inserted_cts
fanout405	clkdlybuf4s25_1		clock_tree	tool_inserted_cts
fanout406	clkdlybuf4s25_1		clock_tree	tool_inserted_cts
fanout407	clkdlybuf4s25_1		clock_tree	tool_inserted_cts
fanout408	clkdlybuf4s25_1		clock_tree	tool_inserted_cts
fanout409	clkdlybuf4s25_1		clock_tree	tool_inserted_cts
fanout41	clkdlybuf4s25_1		clock_tree	tool_inserted_cts
fanout411	clkdlybuf4s25_1		clock_tree	tool_inserted_cts
fanout412	clkdlybuf4s25_1		clock_tree	tool_inserted_cts
fanout413	clkdlybuf4s25_1		clock_tree	tool_inserted_cts
fanout414	clkdlybuf4s25_1		clock_tree	tool_inserted_cts
fanout415	clkdlybuf4s25_1		clock_tree	tool_inserted_cts
fanout416	clkdlybuf4s25_1		clock_tree	tool_inserted_cts
fanout417	clkdlybuf4s25_1		clock_tree	tool_inserted_cts
fanout418	clkdlybuf4s25_1		clock_tree	tool_inserted_cts
fanout419	clkdlybuf4s25_1		clock_tree	tool_inserted_cts
fanout42	clkdlybuf4s25_1		clock_tree	tool_inserted_cts
fanout420	clkdlybuf4s25_1		clock_tree	tool_inserted_cts
fanout421	clkdlybuf4s25_1		clock_tree	tool_inserted_cts
fanout422	clkdlybuf4s25_1		clock_tree	tool_inserted_cts
fanout423	clkdlybuf4s25_1		clock_tree	tool_inserted_cts
fanout424	clkdlybuf4s25_1		clock_tree	tool_inserted_cts
fanout425	clkdlybuf4s25_1		clock_tree	tool_inserted_cts
fanout426	clkdlybuf4s25_1		clock_tree	tool_inserted_cts
fanout427	clkdlybuf4s25_1		clock_tree	tool_inserted_cts
fanout428	clkdlybuf4s25_1		clock_tree	tool_inserted_cts
fanout429	clkdlybuf4s25_1		clock_tree	tool_inserted_cts
fanout43	clkdlybuf4s25_1		clock_tree	tool_inserted_cts
fanout430	clkdlybuf4s25_1		clock_tree	tool_inserted_cts
fanout432	clkdlybuf4s25_1		clock_tree	tool_inserted_cts
fanout434	clkdlybuf4s25_1		clock_tree	tool_inserted_cts
fanout436	clkdlybuf4s25_1		clock_tree	tool_inserted_cts
fanout437	clkdlybuf4s25_1		clock_tree	tool_inserted_cts
fanout439	clkdlybuf4s25_1		clock_tree	tool_inserted_cts
fanout44	clkdlybuf4s25_1		clock_tree	tool_inserted_cts
fanout441	clkdlybuf4s25_1		clock_tree	tool_inserted_cts
fanout443	clkdlybuf4s25_1		clock_tree	tool_inserted_cts
fanout445	clkdlybuf4s25_1		clock_tree	tool_inserted_cts
fanout447	clkdlybuf4s25_1		clock_tree	tool_inserted_cts
fanout449	clkdlybuf4s25_1		clock_tree	tool_inserted_cts
fanout45	clkdlybuf4s25_1		clock_tree	tool_inserted_cts
fanout451	clkdlybuf4s25_1		clock_tree	tool_inserted_cts
fanout452	clkdlybuf4s25_1		clock_tree	tool_inserted_cts
fanout454	clkdlybuf4s25_1		clock_tree	tool_inserted_cts
fanout456	clkdlybuf4s25_1		clock_tree	tool_inserted_cts
fanout458	clkdlybuf4s25_1		clock_tree	tool_inserted_cts
fanout46	clkdlybuf4s25_1		clock_tree	tool_inserted_cts
fanout460	clkdlybuf4s25_1		clock_tree	tool_inserted_cts
fanout462	clkdlybuf4s25_1		clock_tree	tool_inserted_cts
fanout463	clkdlybuf4s25_1		clock_tree	tool_inserted_cts
fanout465	clkdlybuf4s25_1		clock_tree	tool_inserted_cts
fanout466	clkdlybuf4s25_1		clock_tree	tool_inserted_cts
fanout468	clkdlybuf4s25_1		clock_tree	tool_inserted_cts
fanout47	clkdlybuf4s25_1		clock_tree	tool_inserted_cts
fanout470	clkdlybuf4s25_1		clock_tree	tool_inserted_cts
fanout472	clkdlybuf4s25_1		clock_tree	tool_inserted_cts
fanout474	clkdlybuf4s25_1		clock_tree	tool_inserted_cts
fanout475	clkdlybuf4s25_1		clock_tree	tool_inserted_cts
fanout476	clkdlybuf4s25_1		clock_tree	tool_inserted_cts
fanout478	clkdlybuf4s25_1		clock_tree	tool_inserted_cts
fanout48	clkdlybuf4s25_1		clock_tree	tool_inserted_cts
fanout480	clkdlybuf4s25_1		clock_tree	tool_inserted_cts
fanout482	clkdlybuf4s25_1		clock_tree	tool_inserted_cts
fanout483	clkdlybuf4s25_1		clock_tree	tool_inserted_cts
fanout485	clkdlybuf4s25_1		clock_tree	tool_inserted_cts
fanout487	clkdlybuf4s25_1		clock_tree	tool_inserted_cts
fanout489	clkdlybuf4s25_1		clock_tree	tool_inserted_cts
fanout49	clkdlybuf4s25_1		clock_tree	tool_inserted_cts
fanout491	clkdlybuf4s25_1		clock_tree	tool_inserted_cts
fanout492	clkdlybuf4s25_1		clock_tree	tool_inserted_cts
fanout493	clkdlybuf4s25_1		clock_tree	tool_inserted_cts
fanout494	clkdlybuf4s25_1		clock_tree	tool_inserted_cts
fanout496	clkdlybuf4s25_1		clock_tree	tool_inserted_cts
fanout497	clkdlybuf4s25_1		clock_tree	tool_inserted_cts
fanout498	clkdlybuf4s25_1		clock_tree	tool_inserted_cts
fanout50	clkdlybuf4s25_1		clock_tree	tool_inserted_cts
fanout500	clkdlybuf4s25_1		clock_tree	tool_inserted_cts
fanout501	clkdlybuf4s25_1		clock_tree	tool_inserted_cts
fanout503	clkdlybuf4s25_1		clock_tree	tool_inserted_cts
fanout504	clkdlybuf4s25_1		clock_tree	tool_inserted_cts
fanout505	clkdlybuf4s25_1		clock_tree	tool_inserted_cts
fanout506	clkdlybuf4s25_1		clock_tree	tool_inserted_cts
fanout507	clkdlybuf4s25_1		clock_tree	tool_inserted_cts
fanout508	clkdlybuf4s25_1		clock_tree	tool_inserted_cts
fanout509	clkdlybuf4s25_1		clock_tree	tool_inserted_cts
fanout51	clkdlybuf4s25_1		clock_tree	tool_inserted_cts
fanout510	clkdlybuf4s25_1		clock_tree	tool_inserted_cts
fanout511	clkdlybuf4s25_1		clock_tree	tool_inserted_cts
fanout512	clkdlybuf4s25_1		clock_tree	tool_inserted_cts
fanout513	clkdlybuf4s25_1		clock_tree	tool_inserted_cts
fanout515	clkdlybuf4s25_1		clock_tree	tool_inserted_cts
fanout516	clkdlybuf4s25_1		clock_tree	tool_inserted_cts
fanout518	clkdlybuf4s25_1		clock_tree	tool_inserted_cts
fanout519	clkdlybuf4s25_1		clock_tree	tool_inserted_cts
fanout52	clkdlybuf4s25_1		clock_tree	tool_inserted_cts
fanout521	clkdlybuf4s25_1		clock_tree	tool_inserted_cts
fanout522	clkdlybuf4s25_1		clock_tree	tool_inserted_cts
fanout524	clkdlybuf4s25_1		clock_tree	tool_inserted_cts
fanout526	clkdlybuf4s25_1		clock_tree	tool_inserted_cts
fanout527	clkdlybuf4s25_1		clock_tree	tool_inserted_cts
fanout529	clkdlybuf4s25_1		clock_tree	tool_inserted_cts
fanout53	clkdlybuf4s25_1		clock_tree	tool_inserted_cts
fanout531	clkdlybuf4s25_1		clock_tree	tool_inserted_cts
fanout533	clkdlybuf4s25_1		clock_tree	tool_inserted_cts
fanout534	clkdlybuf4s25_1		clock_tree	tool_inserted_cts
fanout535	clkdlybuf4s25_1		clock_tree	tool_inserted_cts
fanout536	clkdlybuf4s25_1		clock_tree	tool_inserted_cts
fanout538	clkdlybuf4s25_1		clock_tree	tool_inserted_cts
fanout54	clkdlybuf4s25_1		clock_tree	tool_inserted_cts
fanout540	clkdlybuf4s25_1		clock_tree	tool_inserted_cts
fanout542	clkdlybuf4s25_1		clock_tree	tool_inserted_cts
fanout543	clkdlybuf4s25_1		clock_tree	tool_inserted_cts
fanout546	clkdlybuf4s25_1		clock_tree	tool_inserted_cts
fanout547	clkdlybuf4s25_1		clock_tree	tool_inserted_cts
fanout55	clkdlybuf4s25_1		clock_tree	tool_inserted_cts
fanout550	clkdlybuf4s25_1		clock_tree	tool_inserted_cts
fanout551	clkdlybuf4s25_1		clock_tree	tool_inserted_cts
fanout552	clkdlybuf4s25_1		clock_tree	tool_inserted_cts
fanout554	clkdlybuf4s25_1		clock_tree	tool_inserted_cts
fanout555	clkdlybuf4s25_1		clock_tree	tool_inserted_cts
fanout557	clkdlybuf4s25_1		clock_tree	tool_inserted_cts
fanout559	clkdlybuf4s25_1		clock_tree	tool_inserted_cts
fanout56	clkdlybuf4s25_1		clock_tree	tool_inserted_cts
fanout561	clkdlybuf4s25_1		clock_tree	tool_inserted_cts
fanout563	clkdlybuf4s25_1		clock_tree	tool_inserted_cts
fanout565	clkdlybuf4s25_1		clock_tree	tool_inserted_cts
fanout567	clkdlybuf4s25_1		clock_tree	tool_inserted_cts
fanout569	clkdlybuf4s25_1		clock_tree	tool_inserted_cts
fanout57	clkdlybuf4s25_1		clock_tree	tool_inserted_cts
fanout570	clkdlybuf4s25_1		clock_tree	tool_inserted_cts
fanout571	clkdlybuf4s25_1		clock_tree	tool_inserted_cts
fanout572	clkdlybuf4s25_1		clock_tree	tool_inserted_cts
fanout573	clkdlybuf4s25_1		clock_tree	tool_inserted_cts
fanout574	clkdlybuf4s25_1		clock_tree	tool_inserted_cts
fanout575	clkdlybuf4s25_1		clock_tree	tool_inserted_cts
fanout576	clkdlybuf4s25_1		clock_tree	tool_inserted_cts
fanout577	clkdlybuf4s25_1		clock_tree	tool_inserted_cts
fanout578	clkdlybuf4s25_1		clock_tree	tool_inserted_cts
fanout579	clkdlybuf4s25_1		clock_tree	tool_inserted_cts
fanout58	clkdlybuf4s25_1		clock_tree	tool_inserted_cts
fanout580	clkdlybuf4s25_1		clock_tree	tool_inserted_cts
fanout581	clkdlybuf4s25_1		clock_tree	tool_inserted_cts
fanout582	clkdlybuf4s25_1		clock_tree	tool_inserted_cts
fanout583	clkdlybuf4s25_1		clock_tree	tool_inserted_cts
fanout59	clkdlybuf4s25_1		clock_tree	tool_inserted_cts
fanout60	clkdlybuf4s25_1		clock_tree	tool_inserted_cts
fanout61	clkdlybuf4s25_1		clock_tree	tool_inserted_cts
fanout62	clkdlybuf4s25_1		clock_tree	tool_inserted_cts
fanout63	clkdlybuf4s25_1		clock_tree	tool_inserted_cts
fanout64	clkdlybuf4s25_1		clock_tree	tool_inserted_cts
fanout65	clkdlybuf4s25_1		clock_tree	tool_inserted_cts
fanout66	clkdlybuf4s25_1		clock_tree	tool_inserted_cts
fanout67	clkdlybuf4s25_1		clock_tree	tool_inserted_cts
fanout68	clkdlybuf4s25_1		clock_tree	tool_inserted_cts
fanout69	clkdlybuf4s25_1		clock_tree	tool_inserted_cts
fanout70	clkdlybuf4s25_1		clock_tree	tool_inserted_cts
fanout71	clkdlybuf4s25_1		clock_tree	tool_inserted_cts
fanout72	clkdlybuf4s25_1		clock_tree	tool_inserted_cts
fanout73	clkdlybuf4s25_1		clock_tree	tool_inserted_cts
fanout74	clkdlybuf4s25_1		clock_tree	tool_inserted_cts
fanout75	clkdlybuf4s25_1		clock_tree	tool_inserted_cts
fanout76	clkdlybuf4s25_1		clock_tree	tool_inserted_cts
fanout77	clkdlybuf4s25_1		clock_tree	tool_inserted_cts
fanout78	clkdlybuf4s25_1		clock_tree	tool_inserted_cts
fanout79	clkdlybuf4s25_1		clock_tree	tool_inserted_cts
fanout80	clkdlybuf4s25_1		clock_tree	tool_inserted_cts
fanout81	clkdlybuf4s25_1		clock_tree	tool_inserted_cts
fanout82	clkdlybuf4s25_1		clock_tree	tool_inserted_cts
fanout83	clkdlybuf4s25_1		clock_tree	tool_inserted_cts
fanout84	clkdlybuf4s25_1		clock_tree	tool_inserted_cts
fanout85	clkdlybuf4s25_1		clock_tree	tool_inserted_cts
fanout86	clkdlybuf4s25_1		clock_tree	tool_inserted_cts
fanout87	clkdlybuf4s25_1		clock_tree	tool_inserted_cts
fanout88	clkdlybuf4s25_1		clock_tree	tool_inserted_cts
fanout89	clkdlybuf4s25_1		clock_tree	tool_inserted_cts
fanout90	clkdlybuf4s25_1		clock_tree	tool_inserted_cts
fanout92	clkdlybuf4s25_1		clock_tree	tool_inserted_cts
fanout94	clkdlybuf4s25_1		clock_tree	tool_inserted_cts
fanout96	clkdlybuf4s25_1		clock_tree	tool_inserted_cts
fanout98	clkdlybuf4s25_1		clock_tree	tool_inserted_cts
hold1000	dlygate4sd3_1		clock_tree	tool_inserted_cts
hold1001	dlygate4sd3_1		clock_tree	tool_inserted_cts
hold1002	dlygate4sd3_1		clock_tree	tool_inserted_cts
hold1003	dlygate4sd3_1		clock_tree	tool_inserted_cts
hold1004	dlygate4sd3_1		clock_tree	tool_inserted_cts
hold1005	dlygate4sd3_1		clock_tree	tool_inserted_cts
hold1006	dlygate4sd3_1		clock_tree	tool_inserted_cts
hold1007	dlygate4sd3_1		clock_tree	tool_inserted_cts
hold1008	dlygate4sd3_1		clock_tree	tool_inserted_cts
hold1009	dlygate4sd3_1		clock_tree	tool_inserted_cts
hold1010	dlygate4sd3_1		clock_tree	tool_inserted_cts
hold1011	dlygate4sd3_1		clock_tree	tool_inserted_cts
hold1012	dlygate4sd3_1		clock_tree	tool_inserted_cts
hold1013	dlygate4sd3_1		clock_tree	tool_inserted_cts
hold1014	dlygate4sd3_1		clock_tree	tool_inserted_cts
hold1015	dlygate4sd3_1		clock_tree	tool_inserted_cts
hold1016	dlygate4sd3_1		clock_tree	tool_inserted_cts
hold1017	dlygate4sd3_1		clock_tree	tool_inserted_cts
hold1018	dlygate4sd3_1		clock_tree	tool_inserted_cts
hold1019	dlygate4sd3_1		clock_tree	tool_inserted_cts
hold1020	dlygate4sd3_1		clock_tree	tool_inserted_cts
hold1021	dlygate4sd3_1		clock_tree	tool_inserted_cts
hold1022	dlygate4sd3_1		clock_tree	tool_inserted_cts
hold1023	dlygate4sd3_1		clock_tree	tool_inserted_cts
hold1024	dlygate4sd3_1		clock_tree	tool_inserted_cts
hold1025	dlygate4sd3_1		clock_tree	tool_inserted_cts
hold1026	dlygate4sd3_1		clock_tree	tool_inserted_cts
hold1027	dlygate4sd3_1		clock_tree	tool_inserted_cts
hold1028	dlygate4sd3_1		clock_tree	tool_inserted_cts
hold1029	dlygate4sd3_1		clock_tree	tool_inserted_cts
hold1030	dlygate4sd3_1		clock_tree	tool_inserted_cts
hold1031	dlygate4sd3_1		clock_tree	tool_inserted_cts
hold1032	dlygate4sd3_1		clock_tree	tool_inserted_cts
hold1033	dlygate4sd3_1		clock_tree	tool_inserted_cts
hold1034	dlygate4sd3_1		clock_tree	tool_inserted_cts
hold1035	dlygate4sd3_1		clock_tree	tool_inserted_cts
hold1036	dlygate4sd3_1		clock_tree	tool_inserted_cts
hold1037	dlygate4sd3_1		clock_tree	tool_inserted_cts
hold1038	dlygate4sd3_1		clock_tree	tool_inserted_cts
hold1039	dlygate4sd3_1		clock_tree	tool_inserted_cts
hold1040	dlygate4sd3_1		clock_tree	tool_inserted_cts
hold1041	dlygate4sd3_1		clock_tree	tool_inserted_cts
hold1042	dlygate4sd3_1		clock_tree	tool_inserted_cts
hold1043	dlygate4sd3_1		clock_tree	tool_inserted_cts
hold1044	dlygate4sd3_1		clock_tree	tool_inserted_cts
hold1045	dlygate4sd3_1		clock_tree	tool_inserted_cts
hold1046	dlygate4sd3_1		clock_tree	tool_inserted_cts
hold1047	dlygate4sd3_1		clock_tree	tool_inserted_cts
hold1048	dlygate4sd3_1		clock_tree	tool_inserted_cts
hold1049	dlygate4sd3_1		clock_tree	tool_inserted_cts
hold1050	dlygate4sd3_1		clock_tree	tool_inserted_cts
hold1051	dlygate4sd3_1		clock_tree	tool_inserted_cts
hold1052	dlygate4sd3_1		clock_tree	tool_inserted_cts
hold1053	dlygate4sd3_1		clock_tree	tool_inserted_cts
hold1054	dlygate4sd3_1		clock_tree	tool_inserted_cts
hold1055	dlygate4sd3_1		clock_tree	tool_inserted_cts
hold1056	dlygate4sd3_1		clock_tree	tool_inserted_cts
hold1057	dlygate4sd3_1		clock_tree	tool_inserted_cts
hold1058	dlygate4sd3_1		clock_tree	tool_inserted_cts
hold1059	dlygate4sd3_1		clock_tree	tool_inserted_cts
hold1060	dlygate4sd3_1		clock_tree	tool_inserted_cts
hold1061	dlygate4sd3_1		clock_tree	tool_inserted_cts
hold1062	dlygate4sd3_1		clock_tree	tool_inserted_cts
hold1063	dlygate4sd3_1		clock_tree	tool_inserted_cts
hold1064	dlygate4sd3_1		clock_tree	tool_inserted_cts
hold1065	dlygate4sd3_1		clock_tree	tool_inserted_cts
hold1066	dlygate4sd3_1		clock_tree	tool_inserted_cts
hold1067	dlygate4sd3_1		clock_tree	tool_inserted_cts
hold1068	dlygate4sd3_1		clock_tree	tool_inserted_cts
hold1069	dlygate4sd3_1		clock_tree	tool_inserted_cts
hold1070	dlygate4sd3_1		clock_tree	tool_inserted_cts
hold1071	dlygate4sd3_1		clock_tree	tool_inserted_cts
hold1072	dlygate4sd3_1		clock_tree	tool_inserted_cts
hold1073	dlygate4sd3_1		clock_tree	tool_inserted_cts
hold1074	dlygate4sd3_1		clock_tree	tool_inserted_cts
hold1075	dlygate4sd3_1		clock_tree	tool_inserted_cts
hold1076	dlygate4sd3_1		clock_tree	tool_inserted_cts
hold1077	dlygate4sd3_1		clock_tree	tool_inserted_cts
hold1078	dlygate4sd3_1		clock_tree	tool_inserted_cts
hold1079	dlygate4sd3_1		clock_tree	tool_inserted_cts
hold1080	dlygate4sd3_1		clock_tree	tool_inserted_cts
hold1081	dlygate4sd3_1		clock_tree	tool_inserted_cts
hold1082	dlygate4sd3_1		clock_tree	tool_inserted_cts
hold1083	dlygate4sd3_1		clock_tree	tool_inserted_cts
hold1084	dlygate4sd3_1		clock_tree	tool_inserted_cts
hold1085	dlygate4sd3_1		clock_tree	tool_inserted_cts
hold1086	dlygate4sd3_1		clock_tree	tool_inserted_cts
hold1087	dlygate4sd3_1		clock_tree	tool_inserted_cts
hold1088	dlygate4sd3_1		clock_tree	tool_inserted_cts
hold1089	dlygate4sd3_1		clock_tree	tool_inserted_cts
hold1090	dlygate4sd3_1		clock_tree	tool_inserted_cts
hold1091	dlygate4sd3_1		clock_tree	tool_inserted_cts
hold1092	dlygate4sd3_1		clock_tree	tool_inserted_cts
hold1093	dlygate4sd3_1		clock_tree	tool_inserted_cts
hold1094	dlygate4sd3_1		clock_tree	tool_inserted_cts
hold1095	dlygate4sd3_1		clock_tree	tool_inserted_cts
hold1096	dlygate4sd3_1		clock_tree	tool_inserted_cts
hold1097	dlygate4sd3_1		clock_tree	tool_inserted_cts
hold1098	dlygate4sd3_1		clock_tree	tool_inserted_cts
hold1099	dlygate4sd3_1		clock_tree	tool_inserted_cts
hold1100	dlygate4sd3_1		clock_tree	tool_inserted_cts
hold1101	dlygate4sd3_1		clock_tree	tool_inserted_cts
hold1102	dlygate4sd3_1		clock_tree	tool_inserted_cts
hold1103	dlygate4sd3_1		clock_tree	tool_inserted_cts
hold1104	dlygate4sd3_1		clock_tree	tool_inserted_cts
hold1105	dlygate4sd3_1		clock_tree	tool_inserted_cts
hold1106	dlygate4sd3_1		clock_tree	tool_inserted_cts
hold1107	dlygate4sd3_1		clock_tree	tool_inserted_cts
hold1108	dlygate4sd3_1		clock_tree	tool_inserted_cts
hold1109	dlygate4sd3_1		clock_tree	tool_inserted_cts
hold1110	dlygate4sd3_1		clock_tree	tool_inserted_cts
hold1111	dlygate4sd3_1		clock_tree	tool_inserted_cts
hold1112	dlygate4sd3_1		clock_tree	tool_inserted_cts
hold1113	dlygate4sd3_1		clock_tree	tool_inserted_cts
hold1114	dlygate4sd3_1		clock_tree	tool_inserted_cts
hold1115	dlygate4sd3_1		clock_tree	tool_inserted_cts
hold1116	dlygate4sd3_1		clock_tree	tool_inserted_cts
hold1117	dlygate4sd3_1		clock_tree	tool_inserted_cts
hold1118	dlygate4sd3_1		clock_tree	tool_inserted_cts
hold1119	dlygate4sd3_1		clock_tree	tool_inserted_cts
hold1120	dlygate4sd3_1		clock_tree	tool_inserted_cts
hold1121	dlygate4sd3_1		clock_tree	tool_inserted_cts
hold1122	dlygate4sd3_1		clock_tree	tool_inserted_cts
hold1123	dlygate4sd3_1		clock_tree	tool_inserted_cts
hold1124	dlygate4sd3_1		clock_tree	tool_inserted_cts
hold1125	dlygate4sd3_1		clock_tree	tool_inserted_cts
hold1126	dlygate4sd3_1		clock_tree	tool_inserted_cts
hold1127	dlygate4sd3_1		clock_tree	tool_inserted_cts
hold1128	dlygate4sd3_1		clock_tree	tool_inserted_cts
hold1129	dlygate4sd3_1		clock_tree	tool_inserted_cts
hold1130	dlygate4sd3_1		clock_tree	tool_inserted_cts
hold1131	dlygate4sd3_1		clock_tree	tool_inserted_cts
hold1132	dlygate4sd3_1		clock_tree	tool_inserted_cts
hold1133	dlygate4sd3_1		clock_tree	tool_inserted_cts
hold1134	dlygate4sd3_1		clock_tree	tool_inserted_cts
hold1135	dlygate4sd3_1		clock_tree	tool_inserted_cts
hold1136	dlygate4sd3_1		clock_tree	tool_inserted_cts
hold1137	dlygate4sd3_1		clock_tree	tool_inserted_cts
hold1138	dlygate4sd3_1		clock_tree	tool_inserted_cts
hold1139	dlygate4sd3_1		clock_tree	tool_inserted_cts
hold1140	dlygate4sd3_1		clock_tree	tool_inserted_cts
hold1141	dlygate4sd3_1		clock_tree	tool_inserted_cts
hold1142	dlygate4sd3_1		clock_tree	tool_inserted_cts
hold1143	dlygate4sd3_1		clock_tree	tool_inserted_cts
hold1144	dlygate4sd3_1		clock_tree	tool_inserted_cts
hold1145	dlygate4sd3_1		clock_tree	tool_inserted_cts
hold1146	dlygate4sd3_1		clock_tree	tool_inserted_cts
hold1147	dlygate4sd3_1		clock_tree	tool_inserted_cts
hold1148	dlygate4sd3_1		clock_tree	tool_inserted_cts
hold1149	dlygate4sd3_1		clock_tree	tool_inserted_cts
hold1150	dlygate4sd3_1		clock_tree	tool_inserted_cts
hold1151	dlygate4sd3_1		clock_tree	tool_inserted_cts
hold1152	dlygate4sd3_1		clock_tree	tool_inserted_cts
hold1153	dlygate4sd3_1		clock_tree	tool_inserted_cts
hold1154	dlygate4sd3_1		clock_tree	tool_inserted_cts
hold1155	dlygate4sd3_1		clock_tree	tool_inserted_cts
hold1156	dlygate4sd3_1		clock_tree	tool_inserted_cts
hold1157	dlygate4sd3_1		clock_tree	tool_inserted_cts
hold1158	dlygate4sd3_1		clock_tree	tool_inserted_cts
hold1159	dlygate4sd3_1		clock_tree	tool_inserted_cts
hold1160	dlygate4sd3_1		clock_tree	tool_inserted_cts
hold1161	dlygate4sd3_1		clock_tree	tool_inserted_cts
hold1162	dlygate4sd3_1		clock_tree	tool_inserted_cts
hold1163	dlygate4sd3_1		clock_tree	tool_inserted_cts
hold1164	dlygate4sd3_1		clock_tree	tool_inserted_cts
hold1165	dlygate4sd3_1		clock_tree	tool_inserted_cts
hold1166	dlygate4sd3_1		clock_tree	tool_inserted_cts
hold1167	dlygate4sd3_1		clock_tree	tool_inserted_cts
hold1168	dlygate4sd3_1		clock_tree	tool_inserted_cts
hold1169	dlygate4sd3_1		clock_tree	tool_inserted_cts
hold1170	dlygate4sd3_1		clock_tree	tool_inserted_cts
hold1171	dlygate4sd3_1		clock_tree	tool_inserted_cts
hold1172	dlygate4sd3_1		clock_tree	tool_inserted_cts
hold1173	dlygate4sd3_1		clock_tree	tool_inserted_cts
hold1174	dlygate4sd3_1		clock_tree	tool_inserted_cts
hold1175	dlygate4sd3_1		clock_tree	tool_inserted_cts
hold1176	dlygate4sd3_1		clock_tree	tool_inserted_cts
hold1177	dlygate4sd3_1		clock_tree	tool_inserted_cts
hold1178	dlygate4sd3_1		clock_tree	tool_inserted_cts
hold1179	dlygate4sd3_1		clock_tree	tool_inserted_cts
hold1180	dlygate4sd3_1		clock_tree	tool_inserted_cts
hold1181	dlygate4sd3_1		clock_tree	tool_inserted_cts
hold1182	dlygate4sd3_1		clock_tree	tool_inserted_cts
hold1183	dlygate4sd3_1		clock_tree	tool_inserted_cts
hold1184	dlygate4sd3_1		clock_tree	tool_inserted_cts
hold1185	dlygate4sd3_1		clock_tree	tool_inserted_cts
hold1186	dlygate4sd3_1		clock_tree	tool_inserted_cts
hold1187	dlygate4sd3_1		clock_tree	tool_inserted_cts
hold1188	dlygate4sd3_1		clock_tree	tool_inserted_cts
hold1189	dlygate4sd3_1		clock_tree	tool_inserted_cts
hold1190	dlygate4sd3_1		clock_tree	tool_inserted_cts
hold1191	dlygate4sd3_1		clock_tree	tool_inserted_cts
hold1192	dlygate4sd3_1		clock_tree	tool_inserted_cts
hold1193	dlygate4sd3_1		clock_tree	tool_inserted_cts
hold1194	dlygate4sd3_1		clock_tree	tool_inserted_cts
hold1195	dlygate4sd3_1		clock_tree	tool_inserted_cts
hold1196	dlygate4sd3_1		clock_tree	tool_inserted_cts
hold1197	dlygate4sd3_1		clock_tree	tool_inserted_cts
hold1198	dlygate4sd3_1		clock_tree	tool_inserted_cts
hold1199	dlygate4sd3_1		clock_tree	tool_inserted_cts
hold1200	dlygate4sd3_1		clock_tree	tool_inserted_cts
hold1201	dlygate4sd3_1		clock_tree	tool_inserted_cts
hold1202	dlygate4sd3_1		clock_tree	tool_inserted_cts
hold1203	dlygate4sd3_1		clock_tree	tool_inserted_cts
hold1204	dlygate4sd3_1		clock_tree	tool_inserted_cts
hold1205	dlygate4sd3_1		clock_tree	tool_inserted_cts
hold1206	dlygate4sd3_1		clock_tree	tool_inserted_cts
hold1207	dlygate4sd3_1		clock_tree	tool_inserted_cts
hold1208	dlygate4sd3_1		clock_tree	tool_inserted_cts
hold1209	dlygate4sd3_1		clock_tree	tool_inserted_cts
hold1210	dlygate4sd3_1		clock_tree	tool_inserted_cts
hold1211	dlygate4sd3_1		clock_tree	tool_inserted_cts
hold1212	dlygate4sd3_1		clock_tree	tool_inserted_cts
hold1213	dlygate4sd3_1		clock_tree	tool_inserted_cts
hold1214	dlygate4sd3_1		clock_tree	tool_inserted_cts
hold1215	dlygate4sd3_1		clock_tree	tool_inserted_cts
hold1216	dlygate4sd3_1		clock_tree	tool_inserted_cts
hold1217	dlygate4sd3_1		clock_tree	tool_inserted_cts
hold1218	dlygate4sd3_1		clock_tree	tool_inserted_cts
hold1219	dlygate4sd3_1		clock_tree	tool_inserted_cts
hold1220	dlygate4sd3_1		clock_tree	tool_inserted_cts
hold1221	dlygate4sd3_1		clock_tree	tool_inserted_cts
hold1222	dlygate4sd3_1		clock_tree	tool_inserted_cts
hold1223	dlygate4sd3_1		clock_tree	tool_inserted_cts
hold1224	dlygate4sd3_1		clock_tree	tool_inserted_cts
hold1225	dlygate4sd3_1		clock_tree	tool_inserted_cts
hold1226	dlygate4sd3_1		clock_tree	tool_inserted_cts
hold1227	dlygate4sd3_1		clock_tree	tool_inserted_cts
hold1228	dlygate4sd3_1		clock_tree	tool_inserted_cts
hold1229	dlygate4sd3_1		clock_tree	tool_inserted_cts
hold1230	dlygate4sd3_1		clock_tree	tool_inserted_cts
hold1231	dlygate4sd3_1		clock_tree	tool_inserted_cts
hold1232	dlygate4sd3_1		clock_tree	tool_inserted_cts
hold1233	dlygate4sd3_1		clock_tree	tool_inserted_cts
hold1234	dlygate4sd3_1		clock_tree	tool_inserted_cts
hold1235	dlygate4sd3_1		clock_tree	tool_inserted_cts
hold1236	dlygate4sd3_1		clock_tree	tool_inserted_cts
hold1237	dlygate4sd3_1		clock_tree	tool_inserted_cts
hold1238	dlygate4sd3_1		clock_tree	tool_inserted_cts
hold1239	dlygate4sd3_1		clock_tree	tool_inserted_cts
hold1240	dlygate4sd3_1		clock_tree	tool_inserted_cts
hold1241	dlygate4sd3_1		clock_tree	tool_inserted_cts
hold1242	dlygate4sd3_1		clock_tree	tool_inserted_cts
hold1243	dlygate4sd3_1		clock_tree	tool_inserted_cts
hold1244	dlygate4sd3_1		clock_tree	tool_inserted_cts
hold1245	dlygate4sd3_1		clock_tree	tool_inserted_cts
hold1246	dlygate4sd3_1		clock_tree	tool_inserted_cts
hold1247	dlygate4sd3_1		clock_tree	tool_inserted_cts
hold1248	dlygate4sd3_1		clock_tree	tool_inserted_cts
hold1249	dlygate4sd3_1		clock_tree	tool_inserted_cts
hold1250	dlygate4sd3_1		clock_tree	tool_inserted_cts
hold1251	dlygate4sd3_1		clock_tree	tool_inserted_cts
hold1252	dlygate4sd3_1		clock_tree	tool_inserted_cts
hold1253	dlygate4sd3_1		clock_tree	tool_inserted_cts
hold1254	dlygate4sd3_1		clock_tree	tool_inserted_cts
hold1255	dlygate4sd3_1		clock_tree	tool_inserted_cts
hold1256	dlygate4sd3_1		clock_tree	tool_inserted_cts
hold1257	dlygate4sd3_1		clock_tree	tool_inserted_cts
hold1258	dlygate4sd3_1		clock_tree	tool_inserted_cts
hold1259	dlygate4sd3_1		clock_tree	tool_inserted_cts
hold1260	dlygate4sd3_1		clock_tree	tool_inserted_cts
hold1261	dlygate4sd3_1		clock_tree	tool_inserted_cts
hold1262	dlygate4sd3_1		clock_tree	tool_inserted_cts
hold1263	dlygate4sd3_1		clock_tree	tool_inserted_cts
hold1264	dlygate4sd3_1		clock_tree	tool_inserted_cts
hold1265	dlygate4sd3_1		clock_tree	tool_inserted_cts
hold1266	dlygate4sd3_1		clock_tree	tool_inserted_cts
hold1267	dlygate4sd3_1		clock_tree	tool_inserted_cts
hold1268	dlygate4sd3_1		clock_tree	tool_inserted_cts
hold1269	dlygate4sd3_1		clock_tree	tool_inserted_cts
hold1270	dlygate4sd3_1		clock_tree	tool_inserted_cts
hold1271	dlygate4sd3_1		clock_tree	tool_inserted_cts
hold1272	dlygate4sd3_1		clock_tree	tool_inserted_cts
hold1273	dlygate4sd3_1		clock_tree	tool_inserted_cts
hold1274	dlygate4sd3_1		clock_tree	tool_inserted_cts
hold1275	dlygate4sd3_1		clock_tree	tool_inserted_cts
hold1276	dlygate4sd3_1		clock_tree	tool_inserted_cts
hold1277	dlygate4sd3_1		clock_tree	tool_inserted_cts
hold1278	dlygate4sd3_1		clock_tree	tool_inserted_cts
hold1279	dlygate4sd3_1		clock_tree	tool_inserted_cts
hold1280	dlygate4sd3_1		clock_tree	tool_inserted_cts
hold1281	dlygate4sd3_1		clock_tree	tool_inserted_cts
hold1282	dlygate4sd3_1		clock_tree	tool_inserted_cts
hold1283	dlygate4sd3_1		clock_tree	tool_inserted_cts
hold1284	dlygate4sd3_1		clock_tree	tool_inserted_cts
hold1285	dlygate4sd3_1		clock_tree	tool_inserted_cts
hold1286	dlygate4sd3_1		clock_tree	tool_inserted_cts
hold1287	dlygate4sd3_1		clock_tree	tool_inserted_cts
hold1288	dlygate4sd3_1		clock_tree	tool_inserted_cts
hold1289	dlygate4sd3_1		clock_tree	tool_inserted_cts
hold1290	dlygate4sd3_1		clock_tree	tool_inserted_cts
hold1291	dlygate4sd3_1		clock_tree	tool_inserted_cts
hold1292	dlygate4sd3_1		clock_tree	tool_inserted_cts
hold1293	dlygate4sd3_1		clock_tree	tool_inserted_cts
hold1294	dlygate4sd3_1		clock_tree	tool_inserted_cts
hold1295	dlygate4sd3_1		clock_tree	tool_inserted_cts
hold1296	dlygate4sd3_1		clock_tree	tool_inserted_cts
hold1297	dlygate4sd3_1		clock_tree	tool_inserted_cts
hold1298	dlygate4sd3_1		clock_tree	tool_inserted_cts
hold1299	dlygate4sd3_1		clock_tree	tool_inserted_cts
hold1300	dlygate4sd3_1		clock_tree	tool_inserted_cts
hold1301	dlygate4sd3_1		clock_tree	tool_inserted_cts
hold1302	dlygate4sd3_1		clock_tree	tool_inserted_cts
hold1303	dlygate4sd3_1		clock_tree	tool_inserted_cts
hold1304	dlygate4sd3_1		clock_tree	tool_inserted_cts
hold1305	dlygate4sd3_1		clock_tree	tool_inserted_cts
hold1306	dlygate4sd3_1		clock_tree	tool_inserted_cts
hold1307	dlygate4sd3_1		clock_tree	tool_inserted_cts
hold1308	dlygate4sd3_1		clock_tree	tool_inserted_cts
hold1309	dlygate4sd3_1		clock_tree	tool_inserted_cts
hold1310	dlygate4sd3_1		clock_tree	tool_inserted_cts
hold1311	dlygate4sd3_1		clock_tree	tool_inserted_cts
hold1312	dlygate4sd3_1		clock_tree	tool_inserted_cts
hold1313	dlygate4sd3_1		clock_tree	tool_inserted_cts
hold1314	dlygate4sd3_1		clock_tree	tool_inserted_cts
hold1315	dlygate4sd3_1		clock_tree	tool_inserted_cts
hold1316	dlygate4sd3_1		clock_tree	tool_inserted_cts
hold1317	dlygate4sd3_1		clock_tree	tool_inserted_cts
hold1318	dlygate4sd3_1		clock_tree	tool_inserted_cts
hold1319	dlygate4sd3_1		clock_tree	tool_inserted_cts
hold1320	dlygate4sd3_1		clock_tree	tool_inserted_cts
hold1321	dlygate4sd3_1		clock_tree	tool_inserted_cts
hold1322	dlygate4sd3_1		clock_tree	tool_inserted_cts
hold1323	dlygate4sd3_1		clock_tree	tool_inserted_cts
hold1324	dlygate4sd3_1		clock_tree	tool_inserted_cts
hold1325	dlygate4sd3_1		clock_tree	tool_inserted_cts
hold1326	dlygate4sd3_1		clock_tree	tool_inserted_cts
hold1327	dlygate4sd3_1		clock_tree	tool_inserted_cts
hold1328	dlygate4sd3_1		clock_tree	tool_inserted_cts
hold1329	dlygate4sd3_1		clock_tree	tool_inserted_cts
hold1330	dlygate4sd3_1		clock_tree	tool_inserted_cts
hold1331	dlygate4sd3_1		clock_tree	tool_inserted_cts
hold1332	dlygate4sd3_1		clock_tree	tool_inserted_cts
hold1333	dlygate4sd3_1		clock_tree	tool_inserted_cts
hold1334	dlygate4sd3_1		clock_tree	tool_inserted_cts
hold1335	dlygate4sd3_1		clock_tree	tool_inserted_cts
hold1336	dlygate4sd3_1		clock_tree	tool_inserted_cts
hold1337	dlygate4sd3_1		clock_tree	tool_inserted_cts
hold1338	dlygate4sd3_1		clock_tree	tool_inserted_cts
hold1339	dlygate4sd3_1		clock_tree	tool_inserted_cts
hold1340	dlygate4sd3_1		clock_tree	tool_inserted_cts
hold1341	dlygate4sd3_1		clock_tree	tool_inserted_cts
hold1342	dlygate4sd3_1		clock_tree	tool_inserted_cts
hold1343	dlygate4sd3_1		clock_tree	tool_inserted_cts
hold1344	dlygate4sd3_1		clock_tree	tool_inserted_cts
hold1345	dlygate4sd3_1		clock_tree	tool_inserted_cts
hold1346	dlygate4sd3_1		clock_tree	tool_inserted_cts
hold1347	dlygate4sd3_1		clock_tree	tool_inserted_cts
hold1348	dlygate4sd3_1		clock_tree	tool_inserted_cts
hold1349	dlygate4sd3_1		clock_tree	tool_inserted_cts
hold1350	dlygate4sd3_1		clock_tree	tool_inserted_cts
hold594	dlygate4sd3_1		clock_tree	tool_inserted_cts
hold595	dlygate4sd3_1		clock_tree	tool_inserted_cts
hold596	dlygate4sd3_1		clock_tree	tool_inserted_cts
hold597	dlygate4sd3_1		clock_tree	tool_inserted_cts
hold598	dlygate4sd3_1		clock_tree	tool_inserted_cts
hold599	dlygate4sd3_1		clock_tree	tool_inserted_cts
hold600	dlygate4sd3_1		clock_tree	tool_inserted_cts
hold601	dlygate4sd3_1		clock_tree	tool_inserted_cts
hold602	dlygate4sd3_1		clock_tree	tool_inserted_cts
hold603	dlygate4sd3_1		clock_tree	tool_inserted_cts
hold604	dlygate4sd3_1		clock_tree	tool_inserted_cts
hold605	dlygate4sd3_1		clock_tree	tool_inserted_cts
hold606	dlygate4sd3_1		clock_tree	tool_inserted_cts
hold607	dlygate4sd3_1		clock_tree	tool_inserted_cts
hold608	dlygate4sd3_1		clock_tree	tool_inserted_cts
hold609	dlygate4sd3_1		clock_tree	tool_inserted_cts
hold610	dlygate4sd3_1		clock_tree	tool_inserted_cts
hold611	dlygate4sd3_1		clock_tree	tool_inserted_cts
hold612	dlygate4sd3_1		clock_tree	tool_inserted_cts
hold613	dlygate4sd3_1		clock_tree	tool_inserted_cts
hold614	dlygate4sd3_1		clock_tree	tool_inserted_cts
hold615	dlygate4sd3_1		clock_tree	tool_inserted_cts
hold616	dlygate4sd3_1		clock_tree	tool_inserted_cts
hold617	dlygate4sd3_1		clock_tree	tool_inserted_cts
hold618	dlygate4sd3_1		clock_tree	tool_inserted_cts
hold619	dlygate4sd3_1		clock_tree	tool_inserted_cts
hold620	dlygate4sd3_1		clock_tree	tool_inserted_cts
hold621	dlygate4sd3_1		clock_tree	tool_inserted_cts
hold622	dlygate4sd3_1		clock_tree	tool_inserted_cts
hold623	dlygate4sd3_1		clock_tree	tool_inserted_cts
hold624	dlygate4sd3_1		clock_tree	tool_inserted_cts
hold625	dlygate4sd3_1		clock_tree	tool_inserted_cts
hold626	dlygate4sd3_1		clock_tree	tool_inserted_cts
hold627	dlygate4sd3_1		clock_tree	tool_inserted_cts
hold628	dlygate4sd3_1		clock_tree	tool_inserted_cts
hold629	dlygate4sd3_1		clock_tree	tool_inserted_cts
hold630	dlygate4sd3_1		clock_tree	tool_inserted_cts
hold631	dlygate4sd3_1		clock_tree	tool_inserted_cts
hold632	dlygate4sd3_1		clock_tree	tool_inserted_cts
hold633	dlygate4sd3_1		clock_tree	tool_inserted_cts
hold634	dlygate4sd3_1		clock_tree	tool_inserted_cts
hold635	dlygate4sd3_1		clock_tree	tool_inserted_cts
hold636	dlygate4sd3_1		clock_tree	tool_inserted_cts
hold637	dlygate4sd3_1		clock_tree	tool_inserted_cts
hold638	dlygate4sd3_1		clock_tree	tool_inserted_cts
hold639	dlygate4sd3_1		clock_tree	tool_inserted_cts
hold640	dlygate4sd3_1		clock_tree	tool_inserted_cts
hold641	dlygate4sd3_1		clock_tree	tool_inserted_cts
hold642	dlygate4sd3_1		clock_tree	tool_inserted_cts
hold643	dlygate4sd3_1		clock_tree	tool_inserted_cts
hold644	dlygate4sd3_1		clock_tree	tool_inserted_cts
hold645	dlygate4sd3_1		clock_tree	tool_inserted_cts
hold646	dlygate4sd3_1		clock_tree	tool_inserted_cts
hold647	dlygate4sd3_1		clock_tree	tool_inserted_cts
hold648	dlygate4sd3_1		clock_tree	tool_inserted_cts
hold649	dlygate4sd3_1		clock_tree	tool_inserted_cts
hold650	dlygate4sd3_1		clock_tree	tool_inserted_cts
hold651	dlygate4sd3_1		clock_tree	tool_inserted_cts
hold652	dlygate4sd3_1		clock_tree	tool_inserted_cts
hold653	dlygate4sd3_1		clock_tree	tool_inserted_cts
hold654	dlygate4sd3_1		clock_tree	tool_inserted_cts
hold655	dlygate4sd3_1		clock_tree	tool_inserted_cts
hold656	dlygate4sd3_1		clock_tree	tool_inserted_cts
hold657	dlygate4sd3_1		clock_tree	tool_inserted_cts
hold658	dlygate4sd3_1		clock_tree	tool_inserted_cts
hold659	dlygate4sd3_1		clock_tree	tool_inserted_cts
hold660	dlygate4sd3_1		clock_tree	tool_inserted_cts
hold661	dlygate4sd3_1		clock_tree	tool_inserted_cts
hold662	dlygate4sd3_1		clock_tree	tool_inserted_cts
hold663	dlygate4sd3_1		clock_tree	tool_inserted_cts
hold664	dlygate4sd3_1		clock_tree	tool_inserted_cts
hold665	dlygate4sd3_1		clock_tree	tool_inserted_cts
hold666	dlygate4sd3_1		clock_tree	tool_inserted_cts
hold667	dlygate4sd3_1		clock_tree	tool_inserted_cts
hold668	dlygate4sd3_1		clock_tree	tool_inserted_cts
hold669	dlygate4sd3_1		clock_tree	tool_inserted_cts
hold670	dlygate4sd3_1		clock_tree	tool_inserted_cts
hold671	dlygate4sd3_1		clock_tree	tool_inserted_cts
hold672	dlygate4sd3_1		clock_tree	tool_inserted_cts
hold673	dlygate4sd3_1		clock_tree	tool_inserted_cts
hold674	dlygate4sd3_1		clock_tree	tool_inserted_cts
hold675	dlygate4sd3_1		clock_tree	tool_inserted_cts
hold676	dlygate4sd3_1		clock_tree	tool_inserted_cts
hold677	dlygate4sd3_1		clock_tree	tool_inserted_cts
hold678	dlygate4sd3_1		clock_tree	tool_inserted_cts
hold679	dlygate4sd3_1		clock_tree	tool_inserted_cts
hold680	dlygate4sd3_1		clock_tree	tool_inserted_cts
hold681	dlygate4sd3_1		clock_tree	tool_inserted_cts
hold682	dlygate4sd3_1		clock_tree	tool_inserted_cts
hold683	dlygate4sd3_1		clock_tree	tool_inserted_cts
hold684	dlygate4sd3_1		clock_tree	tool_inserted_cts
hold685	dlygate4sd3_1		clock_tree	tool_inserted_cts
hold686	dlygate4sd3_1		clock_tree	tool_inserted_cts
hold687	dlygate4sd3_1		clock_tree	tool_inserted_cts
hold688	dlygate4sd3_1		clock_tree	tool_inserted_cts
hold689	dlygate4sd3_1		clock_tree	tool_inserted_cts
hold690	dlygate4sd3_1		clock_tree	tool_inserted_cts
hold691	dlygate4sd3_1		clock_tree	tool_inserted_cts
hold692	dlygate4sd3_1		clock_tree	tool_inserted_cts
hold693	dlygate4sd3_1		clock_tree	tool_inserted_cts
hold694	dlygate4sd3_1		clock_tree	tool_inserted_cts
hold695	dlygate4sd3_1		clock_tree	tool_inserted_cts
hold696	dlygate4sd3_1		clock_tree	tool_inserted_cts
hold697	dlygate4sd3_1		clock_tree	tool_inserted_cts
hold698	dlygate4sd3_1		clock_tree	tool_inserted_cts
hold699	dlygate4sd3_1		clock_tree	tool_inserted_cts
hold700	dlygate4sd3_1		clock_tree	tool_inserted_cts
hold701	dlygate4sd3_1		clock_tree	tool_inserted_cts
hold702	dlygate4sd3_1		clock_tree	tool_inserted_cts
hold703	dlygate4sd3_1		clock_tree	tool_inserted_cts
hold704	dlygate4sd3_1		clock_tree	tool_inserted_cts
hold705	dlygate4sd3_1		clock_tree	tool_inserted_cts
hold706	dlygate4sd3_1		clock_tree	tool_inserted_cts
hold707	dlygate4sd3_1		clock_tree	tool_inserted_cts
hold708	dlygate4sd3_1		clock_tree	tool_inserted_cts
hold709	dlygate4sd3_1		clock_tree	tool_inserted_cts
hold710	dlygate4sd3_1		clock_tree	tool_inserted_cts
hold711	dlygate4sd3_1		clock_tree	tool_inserted_cts
hold712	dlygate4sd3_1		clock_tree	tool_inserted_cts
hold713	dlygate4sd3_1		clock_tree	tool_inserted_cts
hold714	dlygate4sd3_1		clock_tree	tool_inserted_cts
hold715	dlygate4sd3_1		clock_tree	tool_inserted_cts
hold716	dlygate4sd3_1		clock_tree	tool_inserted_cts
hold717	dlygate4sd3_1		clock_tree	tool_inserted_cts
hold718	dlygate4sd3_1		clock_tree	tool_inserted_cts
hold719	dlygate4sd3_1		clock_tree	tool_inserted_cts
hold720	dlygate4sd3_1		clock_tree	tool_inserted_cts
hold721	dlygate4sd3_1		clock_tree	tool_inserted_cts
hold722	dlygate4sd3_1		clock_tree	tool_inserted_cts
hold723	dlygate4sd3_1		clock_tree	tool_inserted_cts
hold724	dlygate4sd3_1		clock_tree	tool_inserted_cts
hold725	dlygate4sd3_1		clock_tree	tool_inserted_cts
hold726	dlygate4sd3_1		clock_tree	tool_inserted_cts
hold727	dlygate4sd3_1		clock_tree	tool_inserted_cts
hold728	dlygate4sd3_1		clock_tree	tool_inserted_cts
hold729	dlygate4sd3_1		clock_tree	tool_inserted_cts
hold730	dlygate4sd3_1		clock_tree	tool_inserted_cts
hold731	dlygate4sd3_1		clock_tree	tool_inserted_cts
hold732	dlygate4sd3_1		clock_tree	tool_inserted_cts
hold733	dlygate4sd3_1		clock_tree	tool_inserted_cts
hold734	dlygate4sd3_1		clock_tree	tool_inserted_cts
hold735	dlygate4sd3_1		clock_tree	tool_inserted_cts
hold736	dlygate4sd3_1		clock_tree	tool_inserted_cts
hold737	dlygate4sd3_1		clock_tree	tool_inserted_cts
hold738	dlygate4sd3_1		clock_tree	tool_inserted_cts
hold739	dlygate4sd3_1		clock_tree	tool_inserted_cts
hold740	dlygate4sd3_1		clock_tree	tool_inserted_cts
hold741	dlygate4sd3_1		clock_tree	tool_inserted_cts
hold742	dlygate4sd3_1		clock_tree	tool_inserted_cts
hold743	dlygate4sd3_1		clock_tree	tool_inserted_cts
hold744	dlygate4sd3_1		clock_tree	tool_inserted_cts
hold745	dlygate4sd3_1		clock_tree	tool_inserted_cts
hold746	dlygate4sd3_1		clock_tree	tool_inserted_cts
hold747	dlygate4sd3_1		clock_tree	tool_inserted_cts
hold748	dlygate4sd3_1		clock_tree	tool_inserted_cts
hold749	dlygate4sd3_1		clock_tree	tool_inserted_cts
hold750	dlygate4sd3_1		clock_tree	tool_inserted_cts
hold751	dlygate4sd3_1		clock_tree	tool_inserted_cts
hold752	dlygate4sd3_1		clock_tree	tool_inserted_cts
hold753	dlygate4sd3_1		clock_tree	tool_inserted_cts
hold754	dlygate4sd3_1		clock_tree	tool_inserted_cts
hold755	dlygate4sd3_1		clock_tree	tool_inserted_cts
hold756	dlygate4sd3_1		clock_tree	tool_inserted_cts
hold757	dlygate4sd3_1		clock_tree	tool_inserted_cts
hold758	dlygate4sd3_1		clock_tree	tool_inserted_cts
hold759	dlygate4sd3_1		clock_tree	tool_inserted_cts
hold760	dlygate4sd3_1		clock_tree	tool_inserted_cts
hold761	dlygate4sd3_1		clock_tree	tool_inserted_cts
hold762	dlygate4sd3_1		clock_tree	tool_inserted_cts
hold763	dlygate4sd3_1		clock_tree	tool_inserted_cts
hold764	dlygate4sd3_1		clock_tree	tool_inserted_cts
hold765	dlygate4sd3_1		clock_tree	tool_inserted_cts
hold766	dlygate4sd3_1		clock_tree	tool_inserted_cts
hold767	dlygate4sd3_1		clock_tree	tool_inserted_cts
hold768	dlygate4sd3_1		clock_tree	tool_inserted_cts
hold769	dlygate4sd3_1		clock_tree	tool_inserted_cts
hold770	dlygate4sd3_1		clock_tree	tool_inserted_cts
hold771	dlygate4sd3_1		clock_tree	tool_inserted_cts
hold772	dlygate4sd3_1		clock_tree	tool_inserted_cts
hold773	dlygate4sd3_1		clock_tree	tool_inserted_cts
hold774	dlygate4sd3_1		clock_tree	tool_inserted_cts
hold775	dlygate4sd3_1		clock_tree	tool_inserted_cts
hold776	dlygate4sd3_1		clock_tree	tool_inserted_cts
hold777	dlygate4sd3_1		clock_tree	tool_inserted_cts
hold778	dlygate4sd3_1		clock_tree	tool_inserted_cts
hold779	dlygate4sd3_1		clock_tree	tool_inserted_cts
hold780	dlygate4sd3_1		clock_tree	tool_inserted_cts
hold781	dlygate4sd3_1		clock_tree	tool_inserted_cts
hold782	dlygate4sd3_1		clock_tree	tool_inserted_cts
hold783	dlygate4sd3_1		clock_tree	tool_inserted_cts
hold784	dlygate4sd3_1		clock_tree	tool_inserted_cts
hold785	dlygate4sd3_1		clock_tree	tool_inserted_cts
hold786	dlygate4sd3_1		clock_tree	tool_inserted_cts
hold787	dlygate4sd3_1		clock_tree	tool_inserted_cts
hold788	dlygate4sd3_1		clock_tree	tool_inserted_cts
hold789	dlygate4sd3_1		clock_tree	tool_inserted_cts
hold790	dlygate4sd3_1		clock_tree	tool_inserted_cts
hold791	dlygate4sd3_1		clock_tree	tool_inserted_cts
hold792	dlygate4sd3_1		clock_tree	tool_inserted_cts
hold793	dlygate4sd3_1		clock_tree	tool_inserted_cts
hold794	dlygate4sd3_1		clock_tree	tool_inserted_cts
hold795	dlygate4sd3_1		clock_tree	tool_inserted_cts
hold796	dlygate4sd3_1		clock_tree	tool_inserted_cts
hold797	dlygate4sd3_1		clock_tree	tool_inserted_cts
hold798	dlygate4sd3_1		clock_tree	tool_inserted_cts
hold799	dlygate4sd3_1		clock_tree	tool_inserted_cts
hold800	dlygate4sd3_1		clock_tree	tool_inserted_cts
hold801	dlygate4sd3_1		clock_tree	tool_inserted_cts
hold802	dlygate4sd3_1		clock_tree	tool_inserted_cts
hold803	dlygate4sd3_1		clock_tree	tool_inserted_cts
hold804	dlygate4sd3_1		clock_tree	tool_inserted_cts
hold805	dlygate4sd3_1		clock_tree	tool_inserted_cts
hold806	dlygate4sd3_1		clock_tree	tool_inserted_cts
hold807	dlygate4sd3_1		clock_tree	tool_inserted_cts
hold808	dlygate4sd3_1		clock_tree	tool_inserted_cts
hold809	dlygate4sd3_1		clock_tree	tool_inserted_cts
hold810	dlygate4sd3_1		clock_tree	tool_inserted_cts
hold811	dlygate4sd3_1		clock_tree	tool_inserted_cts
hold812	dlygate4sd3_1		clock_tree	tool_inserted_cts
hold813	dlygate4sd3_1		clock_tree	tool_inserted_cts
hold814	dlygate4sd3_1		clock_tree	tool_inserted_cts
hold815	dlygate4sd3_1		clock_tree	tool_inserted_cts
hold816	dlygate4sd3_1		clock_tree	tool_inserted_cts
hold817	dlygate4sd3_1		clock_tree	tool_inserted_cts
hold818	dlygate4sd3_1		clock_tree	tool_inserted_cts
hold819	dlygate4sd3_1		clock_tree	tool_inserted_cts
hold820	dlygate4sd3_1		clock_tree	tool_inserted_cts
hold821	dlygate4sd3_1		clock_tree	tool_inserted_cts
hold822	dlygate4sd3_1		clock_tree	tool_inserted_cts
hold823	dlygate4sd3_1		clock_tree	tool_inserted_cts
hold824	dlygate4sd3_1		clock_tree	tool_inserted_cts
hold825	dlygate4sd3_1		clock_tree	tool_inserted_cts
hold826	dlygate4sd3_1		clock_tree	tool_inserted_cts
hold827	dlygate4sd3_1		clock_tree	tool_inserted_cts
hold828	dlygate4sd3_1		clock_tree	tool_inserted_cts
hold829	dlygate4sd3_1		clock_tree	tool_inserted_cts
hold830	dlygate4sd3_1		clock_tree	tool_inserted_cts
hold831	dlygate4sd3_1		clock_tree	tool_inserted_cts
hold832	dlygate4sd3_1		clock_tree	tool_inserted_cts
hold833	dlygate4sd3_1		clock_tree	tool_inserted_cts
hold834	dlygate4sd3_1		clock_tree	tool_inserted_cts
hold835	dlygate4sd3_1		clock_tree	tool_inserted_cts
hold836	dlygate4sd3_1		clock_tree	tool_inserted_cts
hold837	dlygate4sd3_1		clock_tree	tool_inserted_cts
hold838	dlygate4sd3_1		clock_tree	tool_inserted_cts
hold839	dlygate4sd3_1		clock_tree	tool_inserted_cts
hold840	dlygate4sd3_1		clock_tree	tool_inserted_cts
hold841	dlygate4sd3_1		clock_tree	tool_inserted_cts
hold842	dlygate4sd3_1		clock_tree	tool_inserted_cts
hold843	dlygate4sd3_1		clock_tree	tool_inserted_cts
hold844	dlygate4sd3_1		clock_tree	tool_inserted_cts
hold845	dlygate4sd3_1		clock_tree	tool_inserted_cts
hold846	dlygate4sd3_1		clock_tree	tool_inserted_cts
hold847	dlygate4sd3_1		clock_tree	tool_inserted_cts
hold848	dlygate4sd3_1		clock_tree	tool_inserted_cts
hold849	dlygate4sd3_1		clock_tree	tool_inserted_cts
hold850	dlygate4sd3_1		clock_tree	tool_inserted_cts
hold851	dlygate4sd3_1		clock_tree	tool_inserted_cts
hold852	dlygate4sd3_1		clock_tree	tool_inserted_cts
hold853	dlygate4sd3_1		clock_tree	tool_inserted_cts
hold854	dlygate4sd3_1		clock_tree	tool_inserted_cts
hold855	dlygate4sd3_1		clock_tree	tool_inserted_cts
hold856	dlygate4sd3_1		clock_tree	tool_inserted_cts
hold857	dlygate4sd3_1		clock_tree	tool_inserted_cts
hold858	dlygate4sd3_1		clock_tree	tool_inserted_cts
hold859	dlygate4sd3_1		clock_tree	tool_inserted_cts
hold860	dlygate4sd3_1		clock_tree	tool_inserted_cts
hold861	dlygate4sd3_1		clock_tree	tool_inserted_cts
hold862	dlygate4sd3_1		clock_tree	tool_inserted_cts
hold863	dlygate4sd3_1		clock_tree	tool_inserted_cts
hold864	dlygate4sd3_1		clock_tree	tool_inserted_cts
hold865	dlygate4sd3_1		clock_tree	tool_inserted_cts
hold866	dlygate4sd3_1		clock_tree	tool_inserted_cts
hold867	dlygate4sd3_1		clock_tree	tool_inserted_cts
hold868	dlygate4sd3_1		clock_tree	tool_inserted_cts
hold869	dlygate4sd3_1		clock_tree	tool_inserted_cts
hold870	dlygate4sd3_1		clock_tree	tool_inserted_cts
hold871	dlygate4sd3_1		clock_tree	tool_inserted_cts
hold872	dlygate4sd3_1		clock_tree	tool_inserted_cts
hold873	dlygate4sd3_1		clock_tree	tool_inserted_cts
hold874	dlygate4sd3_1		clock_tree	tool_inserted_cts
hold875	dlygate4sd3_1		clock_tree	tool_inserted_cts
hold876	dlygate4sd3_1		clock_tree	tool_inserted_cts
hold877	dlygate4sd3_1		clock_tree	tool_inserted_cts
hold878	dlygate4sd3_1		clock_tree	tool_inserted_cts
hold879	dlygate4sd3_1		clock_tree	tool_inserted_cts
hold880	dlygate4sd3_1		clock_tree	tool_inserted_cts
hold881	dlygate4sd3_1		clock_tree	tool_inserted_cts
hold882	dlygate4sd3_1		clock_tree	tool_inserted_cts
hold883	dlygate4sd3_1		clock_tree	tool_inserted_cts
hold884	dlygate4sd3_1		clock_tree	tool_inserted_cts
hold885	dlygate4sd3_1		clock_tree	tool_inserted_cts
hold886	dlygate4sd3_1		clock_tree	tool_inserted_cts
hold887	dlygate4sd3_1		clock_tree	tool_inserted_cts
hold888	dlygate4sd3_1		clock_tree	tool_inserted_cts
hold889	dlygate4sd3_1		clock_tree	tool_inserted_cts
hold890	dlygate4sd3_1		clock_tree	tool_inserted_cts
hold891	dlygate4sd3_1		clock_tree	tool_inserted_cts
hold892	dlygate4sd3_1		clock_tree	tool_inserted_cts
hold893	dlygate4sd3_1		clock_tree	tool_inserted_cts
hold894	dlygate4sd3_1		clock_tree	tool_inserted_cts
hold895	dlygate4sd3_1		clock_tree	tool_inserted_cts
hold896	dlygate4sd3_1		clock_tree	tool_inserted_cts
hold897	dlygate4sd3_1		clock_tree	tool_inserted_cts
hold898	dlygate4sd3_1		clock_tree	tool_inserted_cts
hold899	dlygate4sd3_1		clock_tree	tool_inserted_cts
hold900	dlygate4sd3_1		clock_tree	tool_inserted_cts
hold901	dlygate4sd3_1		clock_tree	tool_inserted_cts
hold902	dlygate4sd3_1		clock_tree	tool_inserted_cts
hold903	dlygate4sd3_1		clock_tree	tool_inserted_cts
hold904	dlygate4sd3_1		clock_tree	tool_inserted_cts
hold905	dlygate4sd3_1		clock_tree	tool_inserted_cts
hold906	dlygate4sd3_1		clock_tree	tool_inserted_cts
hold907	dlygate4sd3_1		clock_tree	tool_inserted_cts
hold908	dlygate4sd3_1		clock_tree	tool_inserted_cts
hold909	dlygate4sd3_1		clock_tree	tool_inserted_cts
hold910	dlygate4sd3_1		clock_tree	tool_inserted_cts
hold911	dlygate4sd3_1		clock_tree	tool_inserted_cts
hold912	dlygate4sd3_1		clock_tree	tool_inserted_cts
hold913	dlygate4sd3_1		clock_tree	tool_inserted_cts
hold914	dlygate4sd3_1		clock_tree	tool_inserted_cts
hold915	dlygate4sd3_1		clock_tree	tool_inserted_cts
hold916	dlygate4sd3_1		clock_tree	tool_inserted_cts
hold917	dlygate4sd3_1		clock_tree	tool_inserted_cts
hold918	dlygate4sd3_1		clock_tree	tool_inserted_cts
hold919	dlygate4sd3_1		clock_tree	tool_inserted_cts
hold920	dlygate4sd3_1		clock_tree	tool_inserted_cts
hold921	dlygate4sd3_1		clock_tree	tool_inserted_cts
hold922	dlygate4sd3_1		clock_tree	tool_inserted_cts
hold923	dlygate4sd3_1		clock_tree	tool_inserted_cts
hold924	dlygate4sd3_1		clock_tree	tool_inserted_cts
hold925	dlygate4sd3_1		clock_tree	tool_inserted_cts
hold926	dlygate4sd3_1		clock_tree	tool_inserted_cts
hold927	dlygate4sd3_1		clock_tree	tool_inserted_cts
hold928	dlygate4sd3_1		clock_tree	tool_inserted_cts
hold929	dlygate4sd3_1		clock_tree	tool_inserted_cts
hold930	dlygate4sd3_1		clock_tree	tool_inserted_cts
hold931	dlygate4sd3_1		clock_tree	tool_inserted_cts
hold932	dlygate4sd3_1		clock_tree	tool_inserted_cts
hold933	dlygate4sd3_1		clock_tree	tool_inserted_cts
hold934	dlygate4sd3_1		clock_tree	tool_inserted_cts
hold935	dlygate4sd3_1		clock_tree	tool_inserted_cts
hold936	dlygate4sd3_1		clock_tree	tool_inserted_cts
hold937	dlygate4sd3_1		clock_tree	tool_inserted_cts
hold938	dlygate4sd3_1		clock_tree	tool_inserted_cts
hold939	dlygate4sd3_1		clock_tree	tool_inserted_cts
hold940	dlygate4sd3_1		clock_tree	tool_inserted_cts
hold941	dlygate4sd3_1		clock_tree	tool_inserted_cts
hold942	dlygate4sd3_1		clock_tree	tool_inserted_cts
hold943	dlygate4sd3_1		clock_tree	tool_inserted_cts
hold944	dlygate4sd3_1		clock_tree	tool_inserted_cts
hold945	dlygate4sd3_1		clock_tree	tool_inserted_cts
hold946	dlygate4sd3_1		clock_tree	tool_inserted_cts
hold947	dlygate4sd3_1		clock_tree	tool_inserted_cts
hold948	dlygate4sd3_1		clock_tree	tool_inserted_cts
hold949	dlygate4sd3_1		clock_tree	tool_inserted_cts
hold950	dlygate4sd3_1		clock_tree	tool_inserted_cts
hold951	dlygate4sd3_1		clock_tree	tool_inserted_cts
hold952	dlygate4sd3_1		clock_tree	tool_inserted_cts
hold953	dlygate4sd3_1		clock_tree	tool_inserted_cts
hold954	dlygate4sd3_1		clock_tree	tool_inserted_cts
hold955	dlygate4sd3_1		clock_tree	tool_inserted_cts
hold956	dlygate4sd3_1		clock_tree	tool_inserted_cts
hold957	dlygate4sd3_1		clock_tree	tool_inserted_cts
hold958	dlygate4sd3_1		clock_tree	tool_inserted_cts
hold959	dlygate4sd3_1		clock_tree	tool_inserted_cts
hold960	dlygate4sd3_1		clock_tree	tool_inserted_cts
hold961	dlygate4sd3_1		clock_tree	tool_inserted_cts
hold962	dlygate4sd3_1		clock_tree	tool_inserted_cts
hold963	dlygate4sd3_1		clock_tree	tool_inserted_cts
hold964	dlygate4sd3_1		clock_tree	tool_inserted_cts
hold965	dlygate4sd3_1		clock_tree	tool_inserted_cts
hold966	dlygate4sd3_1		clock_tree	tool_inserted_cts
hold967	dlygate4sd3_1		clock_tree	tool_inserted_cts
hold968	dlygate4sd3_1		clock_tree	tool_inserted_cts
hold969	dlygate4sd3_1		clock_tree	tool_inserted_cts
hold970	dlygate4sd3_1		clock_tree	tool_inserted_cts
hold971	dlygate4sd3_1		clock_tree	tool_inserted_cts
hold972	dlygate4sd3_1		clock_tree	tool_inserted_cts
hold973	dlygate4sd3_1		clock_tree	tool_inserted_cts
hold974	dlygate4sd3_1		clock_tree	tool_inserted_cts
hold975	dlygate4sd3_1		clock_tree	tool_inserted_cts
hold976	dlygate4sd3_1		clock_tree	tool_inserted_cts
hold977	dlygate4sd3_1		clock_tree	tool_inserted_cts
hold978	dlygate4sd3_1		clock_tree	tool_inserted_cts
hold979	dlygate4sd3_1		clock_tree	tool_inserted_cts
hold980	dlygate4sd3_1		clock_tree	tool_inserted_cts
hold981	dlygate4sd3_1		clock_tree	tool_inserted_cts
hold982	dlygate4sd3_1		clock_tree	tool_inserted_cts
hold983	dlygate4sd3_1		clock_tree	tool_inserted_cts
hold984	dlygate4sd3_1		clock_tree	tool_inserted_cts
hold985	dlygate4sd3_1		clock_tree	tool_inserted_cts
hold986	dlygate4sd3_1		clock_tree	tool_inserted_cts
hold987	dlygate4sd3_1		clock_tree	tool_inserted_cts
hold988	dlygate4sd3_1		clock_tree	tool_inserted_cts
hold989	dlygate4sd3_1		clock_tree	tool_inserted_cts
hold990	dlygate4sd3_1		clock_tree	tool_inserted_cts
hold991	dlygate4sd3_1		clock_tree	tool_inserted_cts
hold992	dlygate4sd3_1		clock_tree	tool_inserted_cts
hold993	dlygate4sd3_1		clock_tree	tool_inserted_cts
hold994	dlygate4sd3_1		clock_tree	tool_inserted_cts
hold995	dlygate4sd3_1		clock_tree	tool_inserted_cts
hold996	dlygate4sd3_1		clock_tree	tool_inserted_cts
hold997	dlygate4sd3_1		clock_tree	tool_inserted_cts
hold998	dlygate4sd3_1		clock_tree	tool_inserted_cts
hold999	dlygate4sd3_1		clock_tree	tool_inserted_cts
input1	clkdlybuf4s25_1		clock_tree	tool_inserted_cts
input10	clkdlybuf4s25_1		clock_tree	tool_inserted_cts
input11	clkdlybuf4s25_1		clock_tree	tool_inserted_cts
input2	clkdlybuf4s25_1		clock_tree	tool_inserted_cts
input3	clkdlybuf4s25_1		clock_tree	tool_inserted_cts
input4	clkdlybuf4s25_1		clock_tree	tool_inserted_cts
input5	clkdlybuf4s25_1		clock_tree	tool_inserted_cts
input6	clkdlybuf4s25_1		clock_tree	tool_inserted_cts
input7	clkdlybuf4s25_1		clock_tree	tool_inserted_cts
input8	clkdlybuf4s25_1		clock_tree	tool_inserted_cts
input9	clkdlybuf4s25_1		clock_tree	tool_inserted_cts
load_slew105	clkbuf_4		clock_tree	tool_inserted_cts
load_slew108	clkbuf_4		clock_tree	tool_inserted_cts
load_slew115	clkbuf_4		clock_tree	tool_inserted_cts
load_slew118	clkbuf_4		clock_tree	tool_inserted_cts
load_slew125	clkbuf_4		clock_tree	tool_inserted_cts
load_slew128	clkbuf_4		clock_tree	tool_inserted_cts
load_slew139	clkbuf_4		clock_tree	tool_inserted_cts
load_slew146	clkbuf_4		clock_tree	tool_inserted_cts
load_slew149	clkbuf_4		clock_tree	tool_inserted_cts
load_slew156	clkbuf_4		clock_tree	tool_inserted_cts
load_slew159	clkbuf_4		clock_tree	tool_inserted_cts
load_slew176	clkbuf_4		clock_tree	tool_inserted_cts
load_slew195	clkbuf_4		clock_tree	tool_inserted_cts
load_slew198	clkbuf_2		clock_tree	tool_inserted_cts
load_slew205	clkbuf_4		clock_tree	tool_inserted_cts
load_slew208	clkbuf_4		clock_tree	tool_inserted_cts
load_slew215	clkbuf_4		clock_tree	tool_inserted_cts
load_slew218	clkbuf_4		clock_tree	tool_inserted_cts
load_slew225	buf_2		core_combinational	agent_written
load_slew228	clkbuf_2		clock_tree	tool_inserted_cts
load_slew235	clkbuf_4		clock_tree	tool_inserted_cts
load_slew247	clkbuf_4		clock_tree	tool_inserted_cts
load_slew250	clkbuf_4		clock_tree	tool_inserted_cts
load_slew282	clkbuf_4		clock_tree	tool_inserted_cts
load_slew285	buf_4		core_combinational	tool_inserted_drive
load_slew288	clkbuf_4		clock_tree	tool_inserted_cts
load_slew290	buf_4		core_combinational	tool_inserted_drive
load_slew292	buf_4		core_combinational	tool_inserted_drive
load_slew310	buf_4		core_combinational	tool_inserted_drive
load_slew312	clkbuf_2		clock_tree	tool_inserted_cts
load_slew317	buf_4		core_combinational	tool_inserted_drive
load_slew319	buf_4		core_combinational	tool_inserted_drive
load_slew321	clkbuf_4		clock_tree	tool_inserted_cts
load_slew339	buf_2		core_combinational	agent_written
load_slew342	buf_4		core_combinational	tool_inserted_drive
load_slew346	buf_4		core_combinational	tool_inserted_drive
load_slew349	buf_4		core_combinational	tool_inserted_drive
load_slew360	buf_4		core_combinational	tool_inserted_drive
load_slew364	clkbuf_4		clock_tree	tool_inserted_cts
load_slew367	clkbuf_4		clock_tree	tool_inserted_cts
load_slew369	buf_4		core_combinational	tool_inserted_drive
load_slew375	buf_4		core_combinational	tool_inserted_drive
load_slew378	buf_4		core_combinational	tool_inserted_drive
load_slew382	clkbuf_2		clock_tree	tool_inserted_cts
load_slew388	clkbuf_4		clock_tree	tool_inserted_cts
load_slew390	clkbuf_4		clock_tree	tool_inserted_cts
load_slew394	clkbuf_2		clock_tree	tool_inserted_cts
load_slew435	buf_2		core_combinational	agent_written
load_slew438	buf_4		core_combinational	tool_inserted_drive
load_slew440	buf_2		core_combinational	agent_written
load_slew442	buf_4		core_combinational	tool_inserted_drive
load_slew444	clkbuf_4		clock_tree	tool_inserted_cts
load_slew446	buf_4		core_combinational	tool_inserted_drive
load_slew450	clkbuf_2		clock_tree	tool_inserted_cts
load_slew453	clkbuf_4		clock_tree	tool_inserted_cts
load_slew455	buf_4		core_combinational	tool_inserted_drive
load_slew457	buf_2		core_combinational	agent_written
load_slew461	buf_2		core_combinational	agent_written
load_slew464	buf_4		core_combinational	tool_inserted_drive
load_slew467	clkbuf_4		clock_tree	tool_inserted_cts
load_slew469	buf_4		core_combinational	tool_inserted_drive
load_slew471	clkbuf_2		clock_tree	tool_inserted_cts
load_slew477	buf_4		core_combinational	tool_inserted_drive
load_slew479	buf_2		core_combinational	agent_written
load_slew481	buf_4		core_combinational	tool_inserted_drive
load_slew484	buf_4		core_combinational	tool_inserted_drive
load_slew486	buf_4		core_combinational	tool_inserted_drive
load_slew488	buf_4		core_combinational	tool_inserted_drive
load_slew490	clkbuf_4		clock_tree	tool_inserted_cts
load_slew495	clkbuf_4		clock_tree	tool_inserted_cts
load_slew499	buf_4		core_combinational	tool_inserted_drive
load_slew502	clkbuf_4		clock_tree	tool_inserted_cts
load_slew514	clkbuf_4		clock_tree	tool_inserted_cts
load_slew517	buf_4		core_combinational	tool_inserted_drive
load_slew520	buf_4		core_combinational	tool_inserted_drive
load_slew523	clkbuf_4		clock_tree	tool_inserted_cts
load_slew525	buf_2		core_combinational	agent_written
load_slew528	buf_4		core_combinational	tool_inserted_drive
load_slew530	buf_2		core_combinational	agent_written
load_slew532	clkbuf_4		clock_tree	tool_inserted_cts
load_slew537	buf_4		core_combinational	tool_inserted_drive
load_slew539	buf_4		core_combinational	tool_inserted_drive
load_slew541	buf_4		core_combinational	tool_inserted_drive
load_slew544	buf_4		core_combinational	tool_inserted_drive
load_slew545	clkbuf_2		clock_tree	tool_inserted_cts
load_slew548	clkbuf_2		clock_tree	tool_inserted_cts
load_slew549	buf_2		core_combinational	agent_written
load_slew553	buf_4		core_combinational	tool_inserted_drive
load_slew556	buf_4		core_combinational	tool_inserted_drive
load_slew558	clkbuf_4		clock_tree	tool_inserted_cts
load_slew560	buf_2		core_combinational	agent_written
load_slew564	buf_2		core_combinational	agent_written
load_slew566	buf_4		core_combinational	tool_inserted_drive
load_slew568	clkbuf_4		clock_tree	tool_inserted_cts
load_slew91	buf_4		core_combinational	tool_inserted_drive
load_slew93	clkbuf_4		clock_tree	tool_inserted_cts
load_slew95	clkbuf_4		clock_tree	tool_inserted_cts
load_slew97	clkbuf_4		clock_tree	tool_inserted_cts
load_slew99	clkbuf_4		clock_tree	tool_inserted_cts
max_cap130	clkbuf_2		clock_tree	tool_inserted_cts
max_cap296	clkbuf_2		clock_tree	tool_inserted_cts
max_cap352	clkbuf_2		clock_tree	tool_inserted_cts
max_cap410	clkbuf_2		clock_tree	tool_inserted_cts
ser0.g102	mux2_1	ser0	serializer_ser0	kernel_emitted
ser0.g105	mux2_1	ser0	serializer_ser0	kernel_emitted
ser0.g108	mux2_1	ser0	serializer_ser0	kernel_emitted
ser0.g111	mux2_1	ser0	serializer_ser0	kernel_emitted
ser0.g114	mux2_1	ser0	serializer_ser0	kernel_emitted
ser0.g117	mux2_1	ser0	serializer_ser0	kernel_emitted
ser0.g120	mux2_1	ser0	serializer_ser0	kernel_emitted
ser0.g123	mux2_1	ser0	serializer_ser0	kernel_emitted
ser0.g126	mux2_1	ser0	serializer_ser0	kernel_emitted
ser0.g129	mux2_1	ser0	serializer_ser0	kernel_emitted
ser0.g132	mux2_1	ser0	serializer_ser0	kernel_emitted
ser0.g135	mux2_1	ser0	serializer_ser0	kernel_emitted
ser0.g138	mux2_1	ser0	serializer_ser0	kernel_emitted
ser0.g141	mux2_1	ser0	serializer_ser0	kernel_emitted
ser0.g144	mux2_1	ser0	serializer_ser0	kernel_emitted
ser0.g147	mux2_1	ser0	serializer_ser0	kernel_emitted
ser0.g150	mux2_1	ser0	serializer_ser0	kernel_emitted
ser0.g153	mux2_1	ser0	serializer_ser0	kernel_emitted
ser0.g156	mux2_1	ser0	serializer_ser0	kernel_emitted
ser0.g159	mux2_1	ser0	serializer_ser0	kernel_emitted
ser0.g162	mux2_1	ser0	serializer_ser0	kernel_emitted
ser0.g165	mux2_1	ser0	serializer_ser0	kernel_emitted
ser0.g168	mux2_1	ser0	serializer_ser0	kernel_emitted
ser0.g171	mux2_1	ser0	serializer_ser0	kernel_emitted
ser0.g174	mux2_1	ser0	serializer_ser0	kernel_emitted
ser0.g177	mux2_1	ser0	serializer_ser0	kernel_emitted
ser0.g180	mux2_1	ser0	serializer_ser0	kernel_emitted
ser0.g183	mux2_1	ser0	serializer_ser0	kernel_emitted
ser0.g186	mux2_1	ser0	serializer_ser0	kernel_emitted
ser0.g189	mux2_1	ser0	serializer_ser0	kernel_emitted
ser0.g192	mux2_1	ser0	serializer_ser0	kernel_emitted
ser0.g195	mux2_1	ser0	serializer_ser0	kernel_emitted
ser0.g66	inv_1	ser0	serializer_ser0	kernel_emitted
ser0.g67	and2_1	ser0	serializer_ser0	kernel_emitted
ser0.g68	and2_1	ser0	serializer_ser0	kernel_emitted
ser0.g69	and2_1	ser0	serializer_ser0	kernel_emitted
ser0.g70	and2_1	ser0	serializer_ser0	kernel_emitted
ser0.g71	and2_1	ser0	serializer_ser0	kernel_emitted
ser0.g72	and2_1	ser0	serializer_ser0	kernel_emitted
ser0.g73	and2_1	ser0	serializer_ser0	kernel_emitted
ser0.g74	and2_1	ser0	serializer_ser0	kernel_emitted
ser0.g75	and2_1	ser0	serializer_ser0	kernel_emitted
ser0.g76	and2_1	ser0	serializer_ser0	kernel_emitted
ser0.g77	and2_1	ser0	serializer_ser0	kernel_emitted
ser0.g78	and2_1	ser0	serializer_ser0	kernel_emitted
ser0.g79	and2_1	ser0	serializer_ser0	kernel_emitted
ser0.g80	and2_1	ser0	serializer_ser0	kernel_emitted
ser0.g81	and2_1	ser0	serializer_ser0	kernel_emitted
ser0.g82	and2_1	ser0	serializer_ser0	kernel_emitted
ser0.g83	and2_1	ser0	serializer_ser0	kernel_emitted
ser0.g84	and2_1	ser0	serializer_ser0	kernel_emitted
ser0.g85	and2_1	ser0	serializer_ser0	kernel_emitted
ser0.g86	and2_1	ser0	serializer_ser0	kernel_emitted
ser0.g87	and2_1	ser0	serializer_ser0	kernel_emitted
ser0.g88	and2_1	ser0	serializer_ser0	kernel_emitted
ser0.g89	and2_1	ser0	serializer_ser0	kernel_emitted
ser0.g90	and2_1	ser0	serializer_ser0	kernel_emitted
ser0.g91	and2_1	ser0	serializer_ser0	kernel_emitted
ser0.g92	and2_1	ser0	serializer_ser0	kernel_emitted
ser0.g93	and2_1	ser0	serializer_ser0	kernel_emitted
ser0.g94	and2_1	ser0	serializer_ser0	kernel_emitted
ser0.g95	and2_1	ser0	serializer_ser0	kernel_emitted
ser0.g96	and2_1	ser0	serializer_ser0	kernel_emitted
ser0.g97	and2_1	ser0	serializer_ser0	kernel_emitted
ser0.g98	and2_1	ser0	serializer_ser0	kernel_emitted
ser0.g99	and2_1	ser0	serializer_ser0	kernel_emitted
ser0.q0	dfxtp_2	ser0	serializer_ser0	kernel_emitted
ser0.q1	dfxtp_2	ser0	serializer_ser0	kernel_emitted
ser0.q10	dfxtp_2	ser0	serializer_ser0	kernel_emitted
ser0.q11	dfxtp_2	ser0	serializer_ser0	kernel_emitted
ser0.q12	dfxtp_2	ser0	serializer_ser0	kernel_emitted
ser0.q13	dfxtp_2	ser0	serializer_ser0	kernel_emitted
ser0.q14	dfxtp_2	ser0	serializer_ser0	kernel_emitted
ser0.q15	dfxtp_2	ser0	serializer_ser0	kernel_emitted
ser0.q16	dfxtp_2	ser0	serializer_ser0	kernel_emitted
ser0.q17	dfxtp_2	ser0	serializer_ser0	kernel_emitted
ser0.q18	dfxtp_2	ser0	serializer_ser0	kernel_emitted
ser0.q19	dfxtp_2	ser0	serializer_ser0	kernel_emitted
ser0.q2	dfxtp_2	ser0	serializer_ser0	kernel_emitted
ser0.q20	dfxtp_2	ser0	serializer_ser0	kernel_emitted
ser0.q21	dfxtp_2	ser0	serializer_ser0	kernel_emitted
ser0.q22	dfxtp_2	ser0	serializer_ser0	kernel_emitted
ser0.q23	dfxtp_2	ser0	serializer_ser0	kernel_emitted
ser0.q24	dfxtp_2	ser0	serializer_ser0	kernel_emitted
ser0.q25	dfxtp_2	ser0	serializer_ser0	kernel_emitted
ser0.q26	dfxtp_2	ser0	serializer_ser0	kernel_emitted
ser0.q27	dfxtp_2	ser0	serializer_ser0	kernel_emitted
ser0.q28	dfxtp_2	ser0	serializer_ser0	kernel_emitted
ser0.q29	dfxtp_2	ser0	serializer_ser0	kernel_emitted
ser0.q3	dfxtp_2	ser0	serializer_ser0	kernel_emitted
ser0.q30	dfxtp_2	ser0	serializer_ser0	kernel_emitted
ser0.q31	dfxtp_2	ser0	serializer_ser0	kernel_emitted
ser0.q4	dfxtp_2	ser0	serializer_ser0	kernel_emitted
ser0.q5	dfxtp_2	ser0	serializer_ser0	kernel_emitted
ser0.q6	dfxtp_2	ser0	serializer_ser0	kernel_emitted
ser0.q7	dfxtp_2	ser0	serializer_ser0	kernel_emitted
ser0.q8	dfxtp_2	ser0	serializer_ser0	kernel_emitted
ser0.q9	dfxtp_2	ser0	serializer_ser0	kernel_emitted
ser1.g102	mux2_1	ser1	serializer_ser1	kernel_emitted
ser1.g105	mux2_1	ser1	serializer_ser1	kernel_emitted
ser1.g108	mux2_1	ser1	serializer_ser1	kernel_emitted
ser1.g111	mux2_1	ser1	serializer_ser1	kernel_emitted
ser1.g114	mux2_1	ser1	serializer_ser1	kernel_emitted
ser1.g117	mux2_1	ser1	serializer_ser1	kernel_emitted
ser1.g120	mux2_1	ser1	serializer_ser1	kernel_emitted
ser1.g123	mux2_1	ser1	serializer_ser1	kernel_emitted
ser1.g126	mux2_1	ser1	serializer_ser1	kernel_emitted
ser1.g129	mux2_1	ser1	serializer_ser1	kernel_emitted
ser1.g132	mux2_1	ser1	serializer_ser1	kernel_emitted
ser1.g135	mux2_1	ser1	serializer_ser1	kernel_emitted
ser1.g138	mux2_1	ser1	serializer_ser1	kernel_emitted
ser1.g141	mux2_1	ser1	serializer_ser1	kernel_emitted
ser1.g144	mux2_1	ser1	serializer_ser1	kernel_emitted
ser1.g147	mux2_1	ser1	serializer_ser1	kernel_emitted
ser1.g150	mux2_1	ser1	serializer_ser1	kernel_emitted
ser1.g153	mux2_1	ser1	serializer_ser1	kernel_emitted
ser1.g156	mux2_1	ser1	serializer_ser1	kernel_emitted
ser1.g159	mux2_1	ser1	serializer_ser1	kernel_emitted
ser1.g162	mux2_1	ser1	serializer_ser1	kernel_emitted
ser1.g165	mux2_1	ser1	serializer_ser1	kernel_emitted
ser1.g168	mux2_1	ser1	serializer_ser1	kernel_emitted
ser1.g171	mux2_1	ser1	serializer_ser1	kernel_emitted
ser1.g174	mux2_1	ser1	serializer_ser1	kernel_emitted
ser1.g177	mux2_1	ser1	serializer_ser1	kernel_emitted
ser1.g180	mux2_1	ser1	serializer_ser1	kernel_emitted
ser1.g183	mux2_1	ser1	serializer_ser1	kernel_emitted
ser1.g186	mux2_1	ser1	serializer_ser1	kernel_emitted
ser1.g189	mux2_1	ser1	serializer_ser1	kernel_emitted
ser1.g192	mux2_1	ser1	serializer_ser1	kernel_emitted
ser1.g195	mux2_1	ser1	serializer_ser1	kernel_emitted
ser1.g66	inv_1	ser1	serializer_ser1	kernel_emitted
ser1.g67	and2_1	ser1	serializer_ser1	kernel_emitted
ser1.g68	and2_1	ser1	serializer_ser1	kernel_emitted
ser1.g69	and2_1	ser1	serializer_ser1	kernel_emitted
ser1.g70	and2_1	ser1	serializer_ser1	kernel_emitted
ser1.g71	and2_1	ser1	serializer_ser1	kernel_emitted
ser1.g72	and2_1	ser1	serializer_ser1	kernel_emitted
ser1.g73	and2_1	ser1	serializer_ser1	kernel_emitted
ser1.g74	and2_1	ser1	serializer_ser1	kernel_emitted
ser1.g75	and2_1	ser1	serializer_ser1	kernel_emitted
ser1.g76	and2_1	ser1	serializer_ser1	kernel_emitted
ser1.g77	and2_1	ser1	serializer_ser1	kernel_emitted
ser1.g78	and2_1	ser1	serializer_ser1	kernel_emitted
ser1.g79	and2_1	ser1	serializer_ser1	kernel_emitted
ser1.g80	and2_1	ser1	serializer_ser1	kernel_emitted
ser1.g81	and2_1	ser1	serializer_ser1	kernel_emitted
ser1.g82	and2_1	ser1	serializer_ser1	kernel_emitted
ser1.g83	and2_1	ser1	serializer_ser1	kernel_emitted
ser1.g84	and2_1	ser1	serializer_ser1	kernel_emitted
ser1.g85	and2_1	ser1	serializer_ser1	kernel_emitted
ser1.g86	and2_1	ser1	serializer_ser1	kernel_emitted
ser1.g87	and2_1	ser1	serializer_ser1	kernel_emitted
ser1.g88	and2_1	ser1	serializer_ser1	kernel_emitted
ser1.g89	and2_1	ser1	serializer_ser1	kernel_emitted
ser1.g90	and2_1	ser1	serializer_ser1	kernel_emitted
ser1.g91	and2_1	ser1	serializer_ser1	kernel_emitted
ser1.g92	and2_1	ser1	serializer_ser1	kernel_emitted
ser1.g93	and2_1	ser1	serializer_ser1	kernel_emitted
ser1.g94	and2_1	ser1	serializer_ser1	kernel_emitted
ser1.g95	and2_1	ser1	serializer_ser1	kernel_emitted
ser1.g96	and2_1	ser1	serializer_ser1	kernel_emitted
ser1.g97	and2_1	ser1	serializer_ser1	kernel_emitted
ser1.g98	and2_1	ser1	serializer_ser1	kernel_emitted
ser1.g99	and2_1	ser1	serializer_ser1	kernel_emitted
ser1.q0	dfxtp_2	ser1	serializer_ser1	kernel_emitted
ser1.q1	dfxtp_2	ser1	serializer_ser1	kernel_emitted
ser1.q10	dfxtp_2	ser1	serializer_ser1	kernel_emitted
ser1.q11	dfxtp_2	ser1	serializer_ser1	kernel_emitted
ser1.q12	dfxtp_2	ser1	serializer_ser1	kernel_emitted
ser1.q13	dfxtp_2	ser1	serializer_ser1	kernel_emitted
ser1.q14	dfxtp_2	ser1	serializer_ser1	kernel_emitted
ser1.q15	dfxtp_2	ser1	serializer_ser1	kernel_emitted
ser1.q16	dfxtp_2	ser1	serializer_ser1	kernel_emitted
ser1.q17	dfxtp_2	ser1	serializer_ser1	kernel_emitted
ser1.q18	dfxtp_2	ser1	serializer_ser1	kernel_emitted
ser1.q19	dfxtp_2	ser1	serializer_ser1	kernel_emitted
ser1.q2	dfxtp_2	ser1	serializer_ser1	kernel_emitted
ser1.q20	dfxtp_2	ser1	serializer_ser1	kernel_emitted
ser1.q21	dfxtp_2	ser1	serializer_ser1	kernel_emitted
ser1.q22	dfxtp_2	ser1	serializer_ser1	kernel_emitted
ser1.q23	dfxtp_2	ser1	serializer_ser1	kernel_emitted
ser1.q24	dfxtp_2	ser1	serializer_ser1	kernel_emitted
ser1.q25	dfxtp_2	ser1	serializer_ser1	kernel_emitted
ser1.q26	dfxtp_2	ser1	serializer_ser1	kernel_emitted
ser1.q27	dfxtp_2	ser1	serializer_ser1	kernel_emitted
ser1.q28	dfxtp_2	ser1	serializer_ser1	kernel_emitted
ser1.q29	dfxtp_2	ser1	serializer_ser1	kernel_emitted
ser1.q3	dfxtp_2	ser1	serializer_ser1	kernel_emitted
ser1.q30	dfxtp_2	ser1	serializer_ser1	kernel_emitted
ser1.q31	dfxtp_2	ser1	serializer_ser1	kernel_emitted
ser1.q4	dfxtp_2	ser1	serializer_ser1	kernel_emitted
ser1.q5	dfxtp_2	ser1	serializer_ser1	kernel_emitted
ser1.q6	dfxtp_2	ser1	serializer_ser1	kernel_emitted
ser1.q7	dfxtp_2	ser1	serializer_ser1	kernel_emitted
ser1.q8	dfxtp_2	ser1	serializer_ser1	kernel_emitted
ser1.q9	dfxtp_2	ser1	serializer_ser1	kernel_emitted
ser2.g102	mux2_1	ser2	serializer_ser2	kernel_emitted
ser2.g105	mux2_1	ser2	serializer_ser2	kernel_emitted
ser2.g108	mux2_1	ser2	serializer_ser2	kernel_emitted
ser2.g111	mux2_1	ser2	serializer_ser2	kernel_emitted
ser2.g114	mux2_1	ser2	serializer_ser2	kernel_emitted
ser2.g117	mux2_1	ser2	serializer_ser2	kernel_emitted
ser2.g120	mux2_1	ser2	serializer_ser2	kernel_emitted
ser2.g123	mux2_1	ser2	serializer_ser2	kernel_emitted
ser2.g126	mux2_1	ser2	serializer_ser2	kernel_emitted
ser2.g129	mux2_1	ser2	serializer_ser2	kernel_emitted
ser2.g132	mux2_1	ser2	serializer_ser2	kernel_emitted
ser2.g135	mux2_1	ser2	serializer_ser2	kernel_emitted
ser2.g138	mux2_1	ser2	serializer_ser2	kernel_emitted
ser2.g141	mux2_1	ser2	serializer_ser2	kernel_emitted
ser2.g144	mux2_1	ser2	serializer_ser2	kernel_emitted
ser2.g147	mux2_1	ser2	serializer_ser2	kernel_emitted
ser2.g150	mux2_1	ser2	serializer_ser2	kernel_emitted
ser2.g153	mux2_1	ser2	serializer_ser2	kernel_emitted
ser2.g156	mux2_1	ser2	serializer_ser2	kernel_emitted
ser2.g159	mux2_1	ser2	serializer_ser2	kernel_emitted
ser2.g162	mux2_1	ser2	serializer_ser2	kernel_emitted
ser2.g165	mux2_1	ser2	serializer_ser2	kernel_emitted
ser2.g168	mux2_1	ser2	serializer_ser2	kernel_emitted
ser2.g171	mux2_1	ser2	serializer_ser2	kernel_emitted
ser2.g174	mux2_1	ser2	serializer_ser2	kernel_emitted
ser2.g177	mux2_1	ser2	serializer_ser2	kernel_emitted
ser2.g180	mux2_1	ser2	serializer_ser2	kernel_emitted
ser2.g183	mux2_1	ser2	serializer_ser2	kernel_emitted
ser2.g186	mux2_1	ser2	serializer_ser2	kernel_emitted
ser2.g189	mux2_1	ser2	serializer_ser2	kernel_emitted
ser2.g192	mux2_1	ser2	serializer_ser2	kernel_emitted
ser2.g195	mux2_1	ser2	serializer_ser2	kernel_emitted
ser2.g66	inv_1	ser2	serializer_ser2	kernel_emitted
ser2.g67	and2_1	ser2	serializer_ser2	kernel_emitted
ser2.g68	and2_1	ser2	serializer_ser2	kernel_emitted
ser2.g69	and2_1	ser2	serializer_ser2	kernel_emitted
ser2.g70	and2_1	ser2	serializer_ser2	kernel_emitted
ser2.g71	and2_1	ser2	serializer_ser2	kernel_emitted
ser2.g72	and2_1	ser2	serializer_ser2	kernel_emitted
ser2.g73	and2_1	ser2	serializer_ser2	kernel_emitted
ser2.g74	and2_1	ser2	serializer_ser2	kernel_emitted
ser2.g75	and2_1	ser2	serializer_ser2	kernel_emitted
ser2.g76	and2_1	ser2	serializer_ser2	kernel_emitted
ser2.g77	and2_1	ser2	serializer_ser2	kernel_emitted
ser2.g78	and2_1	ser2	serializer_ser2	kernel_emitted
ser2.g79	and2_1	ser2	serializer_ser2	kernel_emitted
ser2.g80	and2_1	ser2	serializer_ser2	kernel_emitted
ser2.g81	and2_1	ser2	serializer_ser2	kernel_emitted
ser2.g82	and2_1	ser2	serializer_ser2	kernel_emitted
ser2.g83	and2_1	ser2	serializer_ser2	kernel_emitted
ser2.g84	and2_1	ser2	serializer_ser2	kernel_emitted
ser2.g85	and2_1	ser2	serializer_ser2	kernel_emitted
ser2.g86	and2_1	ser2	serializer_ser2	kernel_emitted
ser2.g87	and2_1	ser2	serializer_ser2	kernel_emitted
ser2.g88	and2_1	ser2	serializer_ser2	kernel_emitted
ser2.g89	and2_1	ser2	serializer_ser2	kernel_emitted
ser2.g90	and2_1	ser2	serializer_ser2	kernel_emitted
ser2.g91	and2_1	ser2	serializer_ser2	kernel_emitted
ser2.g92	and2_1	ser2	serializer_ser2	kernel_emitted
ser2.g93	and2_1	ser2	serializer_ser2	kernel_emitted
ser2.g94	and2_1	ser2	serializer_ser2	kernel_emitted
ser2.g95	and2_1	ser2	serializer_ser2	kernel_emitted
ser2.g96	and2_1	ser2	serializer_ser2	kernel_emitted
ser2.g97	and2_1	ser2	serializer_ser2	kernel_emitted
ser2.g98	and2_1	ser2	serializer_ser2	kernel_emitted
ser2.g99	and2_1	ser2	serializer_ser2	kernel_emitted
ser2.q0	dfxtp_2	ser2	serializer_ser2	kernel_emitted
ser2.q1	dfxtp_2	ser2	serializer_ser2	kernel_emitted
ser2.q10	dfxtp_2	ser2	serializer_ser2	kernel_emitted
ser2.q11	dfxtp_2	ser2	serializer_ser2	kernel_emitted
ser2.q12	dfxtp_2	ser2	serializer_ser2	kernel_emitted
ser2.q13	dfxtp_2	ser2	serializer_ser2	kernel_emitted
ser2.q14	dfxtp_2	ser2	serializer_ser2	kernel_emitted
ser2.q15	dfxtp_2	ser2	serializer_ser2	kernel_emitted
ser2.q16	dfxtp_2	ser2	serializer_ser2	kernel_emitted
ser2.q17	dfxtp_2	ser2	serializer_ser2	kernel_emitted
ser2.q18	dfxtp_2	ser2	serializer_ser2	kernel_emitted
ser2.q19	dfxtp_2	ser2	serializer_ser2	kernel_emitted
ser2.q2	dfxtp_2	ser2	serializer_ser2	kernel_emitted
ser2.q20	dfxtp_2	ser2	serializer_ser2	kernel_emitted
ser2.q21	dfxtp_2	ser2	serializer_ser2	kernel_emitted
ser2.q22	dfxtp_2	ser2	serializer_ser2	kernel_emitted
ser2.q23	dfxtp_2	ser2	serializer_ser2	kernel_emitted
ser2.q24	dfxtp_2	ser2	serializer_ser2	kernel_emitted
ser2.q25	dfxtp_2	ser2	serializer_ser2	kernel_emitted
ser2.q26	dfxtp_2	ser2	serializer_ser2	kernel_emitted
ser2.q27	dfxtp_2	ser2	serializer_ser2	kernel_emitted
ser2.q28	dfxtp_2	ser2	serializer_ser2	kernel_emitted
ser2.q29	dfxtp_2	ser2	serializer_ser2	kernel_emitted
ser2.q3	dfxtp_2	ser2	serializer_ser2	kernel_emitted
ser2.q30	dfxtp_2	ser2	serializer_ser2	kernel_emitted
ser2.q31	dfxtp_2	ser2	serializer_ser2	kernel_emitted
ser2.q4	dfxtp_2	ser2	serializer_ser2	kernel_emitted
ser2.q5	dfxtp_2	ser2	serializer_ser2	kernel_emitted
ser2.q6	dfxtp_2	ser2	serializer_ser2	kernel_emitted
ser2.q7	dfxtp_2	ser2	serializer_ser2	kernel_emitted
ser2.q8	dfxtp_2	ser2	serializer_ser2	kernel_emitted
ser2.q9	dfxtp_2	ser2	serializer_ser2	kernel_emitted
tt_um_saltworks_ndf	conb_1		tie	agent_written
tt_um_saltworks_ndf_584	conb_1		tie	agent_written
tt_um_saltworks_ndf_585	conb_1		tie	agent_written
tt_um_saltworks_ndf_586	conb_1		tie	agent_written
tt_um_saltworks_ndf_587	conb_1		tie	agent_written
tt_um_saltworks_ndf_588	conb_1		tie	agent_written
tt_um_saltworks_ndf_589	conb_1		tie	agent_written
tt_um_saltworks_ndf_590	conb_1		tie	agent_written
tt_um_saltworks_ndf_591	conb_1		tie	agent_written
tt_um_saltworks_ndf_592	conb_1		tie	agent_written
tt_um_saltworks_ndf_593	conb_1		tie	agent_written
wire136	clkbuf_4		clock_tree	tool_inserted_cts
wire166	buf_4		core_combinational	tool_inserted_drive
wire169	buf_4		core_combinational	tool_inserted_drive
wire185	clkbuf_4		clock_tree	tool_inserted_cts
wire188	clkbuf_4		clock_tree	tool_inserted_cts
wire238	buf_4		core_combinational	tool_inserted_drive
wire294	buf_2		core_combinational	agent_written
wire295	buf_2		core_combinational	agent_written
wire314	clkbuf_4		clock_tree	tool_inserted_cts
wire344	buf_1		core_combinational	agent_written
wire362	clkbuf_4		clock_tree	tool_inserted_cts
wire371	clkbuf_4		clock_tree	tool_inserted_cts
wire373	clkbuf_4		clock_tree	tool_inserted_cts
wire385	clkbuf_4		clock_tree	tool_inserted_cts
wire392	clkbuf_4		clock_tree	tool_inserted_cts
wire397	clkbuf_4		clock_tree	tool_inserted_cts
wire431	clkbuf_4		clock_tree	tool_inserted_cts
wire433	clkbuf_4		clock_tree	tool_inserted_cts
wire448	buf_4		core_combinational	tool_inserted_drive
wire459	clkbuf_4		clock_tree	tool_inserted_cts
wire473	clkbuf_4		clock_tree	tool_inserted_cts
wire562	clkbuf_4		clock_tree	tool_inserted_cts
